#Theta, Phi, Pol, Theta, Phi, Mag
0.00000, 0.00000, 0.00000, 3.12627, 3.14159, 0.92727
0.00000, 0.00000, 0.08727, 3.12585, 3.14159, 0.91801
0.00000, 0.00000, 0.78540, 3.04775, 3.14159, 0.32059
0.00000, 0.00000, 1.48353, 0.16202, 3.14159, 0.28296
0.00000, 0.00000, 1.57080, 0.15776, 3.14159, 0.29208
0.00000, 0.26180, 0.00000, 3.12627, 3.14159, 0.92727
0.00000, 0.26180, 0.08727, 3.12585, 3.14159, 0.91801
0.00000, 0.26180, 0.78540, 3.04775, 3.14159, 0.32059
0.00000, 0.26180, 1.48353, 0.16202, 3.14159, 0.28296
0.00000, 0.26180, 1.57080, 0.15776, 3.14159, 0.29208
0.00000, 0.52360, 0.00000, 3.12627, 3.14159, 0.92727
0.00000, 0.52360, 0.08727, 3.12585, 3.14159, 0.91801
0.00000, 0.52360, 0.78540, 3.04775, 3.14159, 0.32059
0.00000, 0.52360, 1.48353, 0.16202, 3.14159, 0.28296
0.00000, 0.52360, 1.57080, 0.15776, 3.14159, 0.29208
0.00000, 0.78540, 0.00000, 3.12627, 3.14159, 0.92727
0.00000, 0.78540, 0.08727, 3.12585, 3.14159, 0.91801
0.00000, 0.78540, 0.78540, 3.04775, 3.14159, 0.32059
0.00000, 0.78540, 1.48353, 0.16202, 3.14159, 0.28296
0.00000, 0.78540, 1.57080, 0.15776, 3.14159, 0.29208
0.00000, 1.04720, 0.00000, 3.12627, 3.14159, 0.92727
0.00000, 1.04720, 0.08727, 3.12585, 3.14159, 0.91801
0.00000, 1.04720, 0.78540, 3.04775, 3.14159, 0.32059
0.00000, 1.04720, 1.48353, 0.16202, 3.14159, 0.28296
0.00000, 1.04720, 1.57080, 0.15776, 3.14159, 0.29208
0.00000, 1.30900, 0.00000, 3.12627, 3.14159, 0.92727
0.00000, 1.30900, 0.08727, 3.12585, 3.14159, 0.91801
0.00000, 1.30900, 0.78540, 3.04775, 3.14159, 0.32059
0.00000, 1.30900, 1.48353, 0.16202, 3.14159, 0.28296
0.00000, 1.30900, 1.57080, 0.15776, 3.14159, 0.29208
0.00000, 1.57080, 0.00000, 3.12627, 3.14159, 0.92727
0.00000, 1.57080, 0.08727, 3.12585, 3.14159, 0.91801
0.00000, 1.57080, 0.78540, 3.04775, 3.14159, 0.32059
0.00000, 1.57080, 1.48353, 0.16202, 3.14159, 0.28296
0.00000, 1.57080, 1.57080, 0.15776, 3.14159, 0.29208
0.00000, 1.83260, 0.00000, 3.12627, 3.14159, 0.92727
0.00000, 1.83260, 0.08727, 3.12585, 3.14159, 0.91801
0.00000, 1.83260, 0.78540, 3.04775, 3.14159, 0.32059
0.00000, 1.83260, 1.48353, 0.16202, 3.14159, 0.28296
0.00000, 1.83260, 1.57080, 0.15776, 3.14159, 0.29208
0.00000, 2.09440, 0.00000, 3.12627, 3.14159, 0.92727
0.00000, 2.09440, 0.08727, 3.12585, 3.14159, 0.91801
0.00000, 2.09440, 0.78540, 3.04775, 3.14159, 0.32059
0.00000, 2.09440, 1.48353, 0.16202, 3.14159, 0.28296
0.00000, 2.09440, 1.57080, 0.15776, 3.14159, 0.29208
0.00000, 2.35619, 0.00000, 3.12627, 3.14159, 0.92727
0.00000, 2.35619, 0.08727, 3.12585, 3.14159, 0.91801
0.00000, 2.35619, 0.78540, 3.04775, 3.14159, 0.32059
0.00000, 2.35619, 1.48353, 0.16202, 3.14159, 0.28296
0.00000, 2.35619, 1.57080, 0.15776, 3.14159, 0.29208
0.00000, 2.61799, 0.00000, 3.12627, 3.14159, 0.92727
0.00000, 2.61799, 0.08727, 3.12585, 3.14159, 0.91801
0.00000, 2.61799, 0.78540, 3.04775, 3.14159, 0.32059
0.00000, 2.61799, 1.48353, 0.16202, 3.14159, 0.28296
0.00000, 2.61799, 1.57080, 0.15776, 3.14159, 0.29208
0.00000, 2.87979, 0.00000, 3.12627, 3.14159, 0.92727
0.00000, 2.87979, 0.08727, 3.12585, 3.14159, 0.91801
0.00000, 2.87979, 0.78540, 3.04775, 3.14159, 0.32059
0.00000, 2.87979, 1.48353, 0.16202, 3.14159, 0.28296
0.00000, 2.87979, 1.57080, 0.15776, 3.14159, 0.29208
0.00000, 3.14159, 0.00000, 3.12627, 3.14159, 0.92727
0.00000, 3.14159, 0.08727, 3.12585, 3.14159, 0.91801
0.00000, 3.14159, 0.78540, 3.04775, 3.14159, 0.32059
0.00000, 3.14159, 1.48353, 0.16202, 3.14159, 0.28296
0.00000, 3.14159, 1.57080, 0.15776, 3.14159, 0.29208
0.00000, 3.40339, 0.00000, 3.12627, 3.14159, 0.92727
0.00000, 3.40339, 0.08727, 3.12585, 3.14159, 0.91801
0.00000, 3.40339, 0.78540, 3.04775, 3.14159, 0.32059
0.00000, 3.40339, 1.48353, 0.16202, 3.14159, 0.28296
0.00000, 3.40339, 1.57080, 0.15776, 3.14159, 0.29208
0.00000, 3.66519, 0.00000, 3.12627, 3.14159, 0.92727
0.00000, 3.66519, 0.08727, 3.12585, 3.14159, 0.91801
0.00000, 3.66519, 0.78540, 3.04775, 3.14159, 0.32059
0.00000, 3.66519, 1.48353, 0.16202, 3.14159, 0.28296
0.00000, 3.66519, 1.57080, 0.15776, 3.14159, 0.29208
0.00000, 3.92699, 0.00000, 3.12627, 3.14159, 0.92727
0.00000, 3.92699, 0.08727, 3.12585, 3.14159, 0.91801
0.00000, 3.92699, 0.78540, 3.04775, 3.14159, 0.32059
0.00000, 3.92699, 1.48353, 0.16202, 3.14159, 0.28296
0.00000, 3.92699, 1.57080, 0.15776, 3.14159, 0.29208
0.00000, 4.18879, 0.00000, 3.12627, 3.14159, 0.92727
0.00000, 4.18879, 0.08727, 3.12585, 3.14159, 0.91801
0.00000, 4.18879, 0.78540, 3.04775, 3.14159, 0.32059
0.00000, 4.18879, 1.48353, 0.16202, 3.14159, 0.28296
0.00000, 4.18879, 1.57080, 0.15776, 3.14159, 0.29208
0.00000, 4.45059, 0.00000, 3.12627, 3.14159, 0.92727
0.00000, 4.45059, 0.08727, 3.12585, 3.14159, 0.91801
0.00000, 4.45059, 0.78540, 3.04775, 3.14159, 0.32059
0.00000, 4.45059, 1.48353, 0.16202, 3.14159, 0.28296
0.00000, 4.45059, 1.57080, 0.15776, 3.14159, 0.29208
0.00000, 4.71239, 0.00000, 3.12627, 3.14159, 0.92727
0.00000, 4.71239, 0.08727, 3.12585, 3.14159, 0.91801
0.00000, 4.71239, 0.78540, 3.04775, 3.14159, 0.32059
0.00000, 4.71239, 1.48353, 0.16202, 3.14159, 0.28296
0.00000, 4.71239, 1.57080, 0.15776, 3.14159, 0.29208
0.00000, 4.97419, 0.00000, 3.12627, 3.14159, 0.92727
0.00000, 4.97419, 0.08727, 3.12585, 3.14159, 0.91801
0.00000, 4.97419, 0.78540, 3.04775, 3.14159, 0.32059
0.00000, 4.97419, 1.48353, 0.16202, 3.14159, 0.28296
0.00000, 4.97419, 1.57080, 0.15776, 3.14159, 0.29208
0.00000, 5.23599, 0.00000, 3.12627, 3.14159, 0.92727
0.00000, 5.23599, 0.08727, 3.12585, 3.14159, 0.91801
0.00000, 5.23599, 0.78540, 3.04775, 3.14159, 0.32059
0.00000, 5.23599, 1.48353, 0.16202, 3.14159, 0.28296
0.00000, 5.23599, 1.57080, 0.15776, 3.14159, 0.29208
0.00000, 5.49779, 0.00000, 3.12627, 3.14159, 0.92727
0.00000, 5.49779, 0.08727, 3.12585, 3.14159, 0.91801
0.00000, 5.49779, 0.78540, 3.04775, 3.14159, 0.32059
0.00000, 5.49779, 1.48353, 0.16202, 3.14159, 0.28296
0.00000, 5.49779, 1.57080, 0.15776, 3.14159, 0.29208
0.00000, 5.75959, 0.00000, 3.12627, 3.14159, 0.92727
0.00000, 5.75959, 0.08727, 3.12585, 3.14159, 0.91801
0.00000, 5.75959, 0.78540, 3.04775, 3.14159, 0.32059
0.00000, 5.75959, 1.48353, 0.16202, 3.14159, 0.28296
0.00000, 5.75959, 1.57080, 0.15776, 3.14159, 0.29208
0.00000, 6.02139, 0.00000, 3.12627, 3.14159, 0.92727
0.00000, 6.02139, 0.08727, 3.12585, 3.14159, 0.91801
0.00000, 6.02139, 0.78540, 3.04775, 3.14159, 0.32059
0.00000, 6.02139, 1.48353, 0.16202, 3.14159, 0.28296
0.00000, 6.02139, 1.57080, 0.15776, 3.14159, 0.29208
0.00000, 6.28319, 0.00000, 3.12627, 3.14159, 0.92727
0.00000, 6.28319, 0.08727, 3.12585, 3.14159, 0.91801
0.00000, 6.28319, 0.78540, 3.04775, 3.14159, 0.32059
0.00000, 6.28319, 1.48353, 0.16202, 3.14159, 0.28296
0.00000, 6.28319, 1.57080, 0.15776, 3.14159, 0.29208
0.00000, 6.30064, 0.00000, 3.12627, 3.14159, 0.92727
0.00000, 6.30064, 0.08727, 3.12585, 3.14159, 0.91801
0.00000, 6.30064, 0.78540, 3.04775, 3.14159, 0.32059
0.00000, 6.30064, 1.48353, 0.16202, 3.14159, 0.28296
0.00000, 6.30064, 1.57080, 0.15776, 3.14159, 0.29208
0.00436, 0.00000, 0.00000, 3.13688, 3.14159, 0.92709
0.00436, 0.00000, 0.08727, 3.13652, 3.14159, 0.91785
0.00436, 0.00000, 0.78540, 3.06840, 3.14159, 0.32133
0.00436, 0.00000, 1.48353, 0.15194, 3.14159, 0.27981
0.00436, 0.00000, 1.57080, 0.14813, 3.14159, 0.28893
0.00436, 0.26180, 0.00000, 3.13638, 2.90570, 0.92711
0.00436, 0.26180, 0.08727, 3.13602, 2.91861, 0.91786
0.00436, 0.26180, 0.78540, 3.06770, 3.09394, 0.32128
0.00436, 0.26180, 1.48353, 0.15232, 3.11499, 0.27993
0.00436, 0.26180, 1.57080, 0.14852, 3.11518, 0.28904
0.00436, 0.52360, 0.00000, 3.13502, 2.77509, 0.92714
0.00436, 0.52360, 0.08727, 3.13468, 2.79046, 0.91788
0.00436, 0.52360, 0.78540, 3.06551, 3.05207, 0.32117
0.00436, 0.52360, 1.48353, 0.15347, 3.09064, 0.28025
0.00436, 0.52360, 1.57080, 0.14963, 3.09099, 0.28937
0.00436, 0.78540, 0.00000, 3.13309, 2.73926, 0.92718
0.00436, 0.78540, 0.08727, 3.13274, 2.75177, 0.91792
0.00436, 0.78540, 0.78540, 3.06202, 3.02034, 0.32103
0.00436, 0.78540, 1.48353, 0.15525, 3.07046, 0.28078
0.00436, 0.78540, 1.57080, 0.15136, 3.07093, 0.28988
0.00436, 1.04720, 0.00000, 3.13077, 2.75525, 0.92722
0.00436, 1.04720, 0.08727, 3.13041, 2.76427, 0.91795
0.00436, 1.04720, 0.78540, 3.05754, 3.00079, 0.32084
0.00436, 1.04720, 1.48353, 0.15752, 3.05588, 0.28144
0.00436, 1.04720, 1.57080, 0.15353, 3.05643, 0.29055
0.00436, 1.30900, 0.00000, 3.12821, 2.79478, 0.92725
0.00436, 1.30900, 0.08727, 3.12784, 2.80101, 0.91798
0.00436, 1.30900, 0.78540, 3.05245, 2.99336, 0.32064
0.00436, 1.30900, 1.48353, 0.16005, 3.04773, 0.28221
0.00436, 1.30900, 1.57080, 0.15597, 3.04830, 0.29131
0.00436, 1.57080, 0.00000, 3.12556, 2.84357, 0.92727
0.00436, 1.57080, 0.08727, 3.12517, 2.84780, 0.91798
0.00436, 1.57080, 0.78540, 3.04710, 2.99673, 0.32044
0.00436, 1.57080, 1.48353, 0.16265, 3.04623, 0.28302
0.00436, 1.57080, 1.57080, 0.15845, 3.04678, 0.29212
0.00436, 1.83260, 0.00000, 3.12296, 2.89500, 0.92727
0.00436, 1.83260, 0.08727, 3.12255, 2.89787, 0.91798
0.00436, 1.83260, 0.78540, 3.04187, 3.00899, 0.32025
0.00436, 1.83260, 1.48353, 0.16513, 3.05113, 0.28381
0.00436, 1.83260, 1.57080, 0.16082, 3.05161, 0.29291
0.00436, 2.09440, 0.00000, 3.12057, 2.94635, 0.92725
0.00436, 2.09440, 0.08727, 3.12015, 2.94827, 0.91796
0.00436, 2.09440, 0.78540, 3.03706, 3.02818, 0.32008
0.00436, 2.09440, 1.48353, 0.16735, 3.06178, 0.28453
0.00436, 2.09440, 1.57080, 0.16293, 3.06217, 0.29363
0.00436, 2.35619, 0.00000, 3.11854, 2.99663, 0.92723
0.00436, 2.35619, 0.08727, 3.11810, 2.99790, 0.91793
0.00436, 2.35619, 0.78540, 3.03298, 3.05249, 0.31995
0.00436, 2.35619, 1.48353, 0.16918, 3.07729, 0.28514
0.00436, 2.35619, 1.57080, 0.16467, 3.07759, 0.29424
0.00436, 2.61799, 0.00000, 3.11699, 3.04573, 0.92720
0.00436, 2.61799, 0.08727, 3.11654, 3.04649, 0.91791
0.00436, 2.61799, 0.78540, 3.02987, 3.08036, 0.31986
0.00436, 2.61799, 1.48353, 0.17055, 3.09658, 0.28560
0.00436, 2.61799, 1.57080, 0.16595, 3.09677, 0.29471
0.00436, 2.87979, 0.00000, 3.11602, 3.09390, 0.92717
0.00436, 2.87979, 0.08727, 3.11556, 3.09427, 0.91789
0.00436, 2.87979, 0.78540, 3.02789, 3.11046, 0.31983
0.00436, 2.87979, 1.48353, 0.17140, 3.11843, 0.28588
0.00436, 2.87979, 1.57080, 0.16674, 3.11853, 0.29500
0.00436, 3.14159, 0.00000, 3.11569, 3.14159, 0.92715
0.00436, 3.14159, 0.08727, 3.11522, 3.14159, 0.91788
0.00436, 3.14159, 0.78540, 3.02716, 3.14159, 0.31984
0.00436, 3.14159, 1.48353, 0.17170, 3.14159, 0.28598
0.00436, 3.14159, 1.57080, 0.16701, 3.14159, 0.29510
0.00436, 3.40339, 0.00000, 3.11602, -3.09390, 0.92714
0.00436, 3.40339, 0.08727, 3.11555, -3.09429, 0.91788
0.00436, 3.40339, 0.78540, 3.02772, -3.11051, 0.31991
0.00436, 3.40339, 1.48353, 0.17145, -3.11844, 0.28587
0.00436, 3.40339, 1.57080, 0.16674, -3.11853, 0.29500
0.00436, 3.66519, 0.00000, 3.11699, -3.04571, 0.92715
0.00436, 3.66519, 0.08727, 3.11652, -3.04656, 0.91790
0.00436, 3.66519, 0.78540, 3.02954, -3.08056, 0.32003
0.00436, 3.66519, 1.48353, 0.17064, -3.09659, 0.28558
0.00436, 3.66519, 1.57080, 0.16595, -3.09677, 0.29471
0.00436, 3.92699, 0.00000, 3.11854, -2.99658, 0.92717
0.00436, 3.92699, 0.08727, 3.11808, -2.99804, 0.91791
0.00436, 3.92699, 0.78540, 3.03253, -3.05291, 0.32018
0.00436, 3.92699, 1.48353, 0.16931, -3.07733, 0.28511
0.00436, 3.92699, 1.57080, 0.16467, -3.07759, 0.29424
0.00436, 4.18879, 0.00000, 3.12058, -2.94626, 0.92717
0.00436, 4.18879, 0.08727, 3.12012, -2.94854, 0.91793
0.00436, 4.18879, 0.78540, 3.03650, -3.02885, 0.32036
0.00436, 4.18879, 1.48353, 0.16751, -3.06184, 0.28448
0.00436, 4.18879, 1.57080, 0.16293, -3.06217, 0.29363
0.00436, 4.45059, 0.00000, 3.12296, -2.89487, 0.92718
0.00436, 4.45059, 0.08727, 3.12252, -2.89831, 0.91795
0.00436, 4.45059, 0.78540, 3.04122, -3.00992, 0.32054
0.00436, 4.45059, 1.48353, 0.16531, -3.05120, 0.28376
0.00436, 4.45059, 1.57080, 0.16082, -3.05161, 0.29291
0.00436, 4.71239, 0.00000, 3.12556, -2.84336, 0.92718
0.00436, 4.71239, 0.08727, 3.12513, -2.84843, 0.91794
0.00436, 4.71239, 0.78540, 3.04643, -2.99784, 0.32074
0.00436, 4.71239, 1.48353, 0.16284, -3.04632, 0.28296
0.00436, 4.71239, 1.57080, 0.15846, -3.04678, 0.29211
0.00436, 4.97419, 0.00000, 3.12822, -2.79454, 0.92716
0.00436, 4.97419, 0.08727, 3.12780, -2.80186, 0.91794
0.00436, 4.97419, 0.78540, 3.05179, -2.99454, 0.32092
0.00436, 4.97419, 1.48353, 0.16023, -3.04782, 0.28216
0.00436, 4.97419, 1.57080, 0.15597, -3.04831, 0.29131
0.00436, 5.23599, 0.00000, 3.13078, -2.75494, 0.92714
0.00436, 5.23599, 0.08727, 3.13038, -2.76532, 0.91792
0.00436, 5.23599, 0.78540, 3.05694, -3.00186, 0.32108
0.00436, 5.23599, 1.48353, 0.15768, -3.05596, 0.28140
0.00436, 5.23599, 1.57080, 0.15354, -3.05644, 0.29055
0.00436, 5.49779, 0.00000, 3.13309, -2.73891, 0.92712
0.00436, 5.49779, 0.08727, 3.13272, -2.75289, 0.91789
0.00436, 5.49779, 0.78540, 3.06151, -3.02115, 0.32121
0.00436, 5.49779, 1.48353, 0.15539, -3.07051, 0.28074
0.00436, 5.49779, 1.57080, 0.15136, -3.07093, 0.28988
0.00436, 5.75959, 0.00000, 3.13503, -2.77481, 0.92710
0.00436, 5.75959, 0.08727, 3.13466, -2.79139, 0.91786
0.00436, 5.75959, 0.78540, 3.06514, -3.05252, 0.32130
0.00436, 5.75959, 1.48353, 0.15356, -3.09066, 0.28024
0.00436, 5.75959, 1.57080, 0.14963, -3.09099, 0.28937
0.00436, 6.02139, 0.00000, 3.13638, -2.90558, 0.92708
0.00436, 6.02139, 0.08727, 3.13601, -2.91901, 0.91784
0.00436, 6.02139, 0.78540, 3.06751, -3.09406, 0.32134
0.00436, 6.02139, 1.48353, 0.15237, -3.11500, 0.27991
0.00436, 6.02139, 1.57080, 0.14852, -3.11518, 0.28904
0.00436, 6.28319, 0.00000, 3.13688, 3.14159, 0.92709
0.00436, 6.28319, 0.08727, 3.13652, 3.14159, 0.91785
0.00436, 6.28319, 0.78540, 3.06840, 3.14159, 0.32133
0.00436, 6.28319, 1.48353, 0.15194, 3.14159, 0.27981
0.00436, 6.28319, 1.57080, 0.14813, 3.14159, 0.28893
0.00436, 6.30064, 0.00000, 3.13688, 3.14159, 0.92709
0.00436, 6.30064, 0.08727, 3.13652, 3.14159, 0.91785
0.00436, 6.30064, 0.78540, 3.06840, 3.14159, 0.32133
0.00436, 6.30064, 1.48353, 0.15194, 3.14159, 0.27981
0.00436, 6.30064, 1.57080, 0.14813, 3.14159, 0.28893
0.00873, 0.00000, 0.00000, 3.13564, 0.00000, 0.92661
0.00873, 0.00000, 0.08727, 3.13595, 0.00000, 0.91738
0.00873, 0.00000, 0.78540, 3.08908, 3.14159, 0.32207
0.00873, 0.00000, 1.48353, 0.14145, 3.14159, 0.27655
0.00873, 0.00000, 1.57080, 0.13812, 3.14159, 0.28566
0.00873, 0.26180, 0.00000, 3.13583, 0.43678, 0.92667
0.00873, 0.26180, 0.08727, 3.13609, 0.46399, 0.91742
0.00873, 0.26180, 0.78540, 3.08742, 3.01162, 0.32197
0.00873, 0.26180, 1.48353, 0.14236, 3.08404, 0.27680
0.00873, 0.26180, 1.57080, 0.13903, 3.08455, 0.28590
0.00873, 0.52360, 0.00000, 3.13596, 0.99056, 0.92676
0.00873, 0.52360, 0.08727, 3.13608, 1.04080, 0.91751
0.00873, 0.52360, 0.78540, 3.08235, 2.91045, 0.32176
0.00873, 0.52360, 1.48353, 0.14505, 3.03257, 0.27749
0.00873, 0.52360, 1.57080, 0.14164, 3.03352, 0.28659
0.00873, 0.78540, 0.00000, 3.13492, 1.61642, 0.92690
0.00873, 0.78540, 0.08727, 3.13484, 1.66134, 0.91763
0.00873, 0.78540, 0.78540, 3.07468, 2.85037, 0.32147
0.00873, 0.78540, 1.48353, 0.14914, 2.99194, 0.27858
0.00873, 0.78540, 1.57080, 0.14560, 2.99317, 0.28766
0.00873, 1.04720, 0.00000, 3.13217, 2.09503, 0.92703
0.00873, 1.04720, 0.08727, 3.13194, 2.11958, 0.91775
0.00873, 1.04720, 0.78540, 3.06530, 2.82763, 0.32111
0.00873, 1.04720, 1.48353, 0.15413, 2.96481, 0.27996
0.00873, 1.04720, 1.57080, 0.15038, 2.96614, 0.28904
0.00873, 1.30900, 0.00000, 3.12819, 2.39561, 0.92713
0.00873, 1.30900, 0.08727, 3.12787, 2.40764, 0.91784
0.00873, 1.30900, 0.78540, 3.05502, 2.83272, 0.32071
0.00873, 1.30900, 1.48353, 0.15946, 2.95189, 0.28153
0.00873, 1.30900, 1.57080, 0.15550, 2.95318, 0.29061
0.00873, 1.57080, 0.00000, 3.12360, 2.59083, 0.92718
0.00873, 1.57080, 0.08727, 3.12323, 2.59695, 0.91786
0.00873, 1.57080, 0.78540, 3.04453, 2.85665, 0.32030
0.00873, 1.57080, 1.48353, 0.16470, 2.95249, 0.28315
0.00873, 1.57080, 1.57080, 0.16051, 2.95363, 0.29223
0.00873, 1.83260, 0.00000, 3.11888, 2.72953, 0.92717
0.00873, 1.83260, 0.08727, 3.11848, 2.73279, 0.91785
0.00873, 1.83260, 0.78540, 3.03442, 2.89272, 0.31991
0.00873, 1.83260, 1.48353, 0.16946, 2.96516, 0.28472
0.00873, 1.83260, 1.57080, 0.16506, 2.96609, 0.29379
0.00873, 2.09440, 0.00000, 3.11443, 2.83657, 0.92709
0.00873, 2.09440, 0.08727, 3.11400, 2.83838, 0.91777
0.00873, 2.09440, 0.78540, 3.02527, 2.93642, 0.31956
0.00873, 2.09440, 1.48353, 0.17352, 2.98805, 0.28614
0.00873, 2.09440, 1.57080, 0.16892, 2.98875, 0.29520
0.00873, 2.35619, 0.00000, 3.11059, 2.92502, 0.92699
0.00873, 2.35619, 0.08727, 3.11013, 2.92605, 0.91766
0.00873, 2.35619, 0.78540, 3.01756, 2.98476, 0.31929
0.00873, 2.35619, 1.48353, 0.17675, 3.01918, 0.28731
0.00873, 2.35619, 1.57080, 0.17197, 3.01967, 0.29638
0.00873, 2.61799, 0.00000, 3.10764, 3.00238, 0.92687
0.00873, 2.61799, 0.08727, 3.10716, 3.00296, 0.91755
0.00873, 2.61799, 0.78540, 3.01170, 3.03585, 0.31912
0.00873, 2.61799, 1.48353, 0.17908, 3.05653, 0.28817
0.00873, 2.61799, 1.57080, 0.17415, 3.05682, 0.29726
0.00873, 2.87979, 0.00000, 3.10578, 3.07343, 0.92677
0.00873, 2.87979, 0.08727, 3.10528, 3.07369, 0.91747
0.00873, 2.87979, 0.78540, 3.00799, 3.08843, 0.31905
0.00873, 2.87979, 1.48353, 0.18049, 3.09802, 0.28870
0.00873, 2.87979, 1.57080, 0.17545, 3.09815, 0.29780
0.00873, 3.14159, 0.00000, 3.10515, 3.14159, 0.92673
0.00873, 3.14159, 0.08727, 3.10463, 3.14159, 0.91745
0.00873, 3.14159, 0.78540, 3.00663, 3.14159, 0.31910
0.00873, 3.14159, 1.48353, 0.18099, 3.14159, 0.28887
0.00873, 3.14159, 1.57080, 0.17589, 3.14159, 0.29798
0.00873, 3.40339, 0.00000, 3.10579, -3.07342, 0.92673
0.00873, 3.40339, 0.08727, 3.10526, -3.07373, 0.91747
0.00873, 3.40339, 0.78540, 3.00768, -3.08857, 0.31925
0.00873, 3.40339, 1.48353, 0.18058, -3.09804, 0.28867
0.00873, 3.40339, 1.57080, 0.17545, -3.09815, 0.29780
0.00873, 3.66519, 0.00000, 3.10764, -3.00234, 0.92677
0.00873, 3.66519, 0.08727, 3.10712, -3.00309, 0.91754
0.00873, 3.66519, 0.78540, 3.01110, -3.03641, 0.31948
0.00873, 3.66519, 1.48353, 0.17926, -3.05659, 0.28812
0.00873, 3.66519, 1.57080, 0.17415, -3.05682, 0.29726
0.00873, 3.92699, 0.00000, 3.11060, -2.92492, 0.92686
0.00873, 3.92699, 0.08727, 3.11008, -2.92637, 0.91763
0.00873, 3.92699, 0.78540, 3.01670, -2.98599, 0.31978
0.00873, 3.92699, 1.48353, 0.17701, -3.01932, 0.28723
0.00873, 3.92699, 1.57080, 0.17197, -3.01967, 0.29638
0.00873, 4.18879, 0.00000, 3.11444, -2.83637, 0.92693
0.00873, 4.18879, 0.08727, 3.11393, -2.83901, 0.91772
0.00873, 4.18879, 0.78540, 3.02420, -2.93854, 0.32013
0.00873, 4.18879, 1.48353, 0.17384, -2.98827, 0.28604
0.00873, 4.18879, 1.57080, 0.16893, -2.98876, 0.29520
0.00873, 4.45059, 0.00000, 3.11889, -2.72917, 0.92699
0.00873, 4.45059, 0.08727, 3.11841, -2.73394, 0.91778
0.00873, 4.45059, 0.78540, 3.03319, -2.89588, 0.32051
0.00873, 4.45059, 1.48353, 0.16982, -2.96545, 0.28462
0.00873, 4.45059, 1.57080, 0.16507, -2.96610, 0.29379
0.00873, 4.71239, 0.00000, 3.12361, -2.59022, 0.92700
0.00873, 4.71239, 0.08727, 3.12316, -2.59896, 0.91780
0.00873, 4.71239, 0.78540, 3.04322, -2.86084, 0.32089
0.00873, 4.71239, 1.48353, 0.16507, -2.95283, 0.28306
0.00873, 4.71239, 1.57080, 0.16052, -2.95364, 0.29223
0.00873, 4.97419, 0.00000, 3.12820, -2.39457, 0.92695
0.00873, 4.97419, 0.08727, 3.12782, -2.41111, 0.91776
0.00873, 4.97419, 0.78540, 3.05372, -2.83772, 0.32124
0.00873, 4.97419, 1.48353, 0.15983, -2.95224, 0.28144
0.00873, 4.97419, 1.57080, 0.15552, -2.95319, 0.29060
0.00873, 5.23599, 0.00000, 3.13218, -2.09335, 0.92687
0.00873, 5.23599, 0.08727, 3.13190, -2.12536, 0.91767
0.00873, 5.23599, 0.78540, 3.06410, -2.83292, 0.32156
0.00873, 5.23599, 1.48353, 0.15445, -2.96512, 0.27989
0.00873, 5.23599, 1.57080, 0.15039, -2.96615, 0.28904
0.00873, 5.49779, 0.00000, 3.13492, -1.61417, 0.92677
0.00873, 5.49779, 0.08727, 3.13483, -1.66945, 0.91757
0.00873, 5.49779, 0.78540, 3.07366, -2.85503, 0.32181
0.00873, 5.49779, 1.48353, 0.14941, -2.99217, 0.27852
0.00873, 5.49779, 1.57080, 0.14560, -2.99318, 0.28766
0.00873, 5.75959, 0.00000, 3.13595, -0.98897, 0.92667
0.00873, 5.75959, 0.08727, 3.13610, -1.04705, 0.91746
0.00873, 5.75959, 0.78540, 3.08159, -2.91348, 0.32199
0.00873, 5.75959, 1.48353, 0.14524, -3.03270, 0.27745
0.00873, 5.75959, 1.57080, 0.14165, -3.03352, 0.28659
0.00873, 6.02139, 0.00000, 3.13582, -0.43637, 0.92662
0.00873, 6.02139, 0.08727, 3.13611, -0.46570, 0.91740
0.00873, 6.02139, 0.78540, 3.08701, -3.01261, 0.32208
0.00873, 6.02139, 1.48353, 0.14246, -3.08407, 0.27677
0.00873, 6.02139, 1.57080, 0.13903, -3.08455, 0.28590
0.00873, 6.28319, 0.00000, 3.13564, 0.00000, 0.92661
0.00873, 6.28319, 0.08727, 3.13595, 0.00000, 0.91738
0.00873, 6.28319, 0.78540, 3.08908, 3.14159, 0.32207
0.00873, 6.28319, 1.48353, 0.14145, 3.14159, 0.27655
0.00873, 6.28319, 1.57080, 0.13812, 3.14159, 0.28566
0.00873, 6.30064, 0.00000, 3.13564, 0.00000, 0.92661
0.00873, 6.30064, 0.08727, 3.13595, 0.00000, 0.91738
0.00873, 6.30064, 0.78540, 3.08908, 3.14159, 0.32207
0.00873, 6.30064, 1.48353, 0.14145, 3.14159, 0.27655
0.00873, 6.30064, 1.57080, 0.13812, 3.14159, 0.28566
0.01745, 0.00000, 0.00000, 3.11416, 0.00000, 0.92474
0.01745, 0.00000, 0.08727, 3.11437, 0.00000, 0.91557
0.01745, 0.00000, 0.78540, 3.13053, 3.14159, 0.32356
0.01745, 0.00000, 1.48353, 0.11919, 3.14159, 0.26972
0.01745, 0.00000, 1.57080, 0.11687, 3.14159, 0.27880
0.01745, 0.26180, 0.00000, 3.11518, 0.18605, 0.92490
0.01745, 0.26180, 0.08727, 3.11535, 0.18919, 0.91572
0.01745, 0.26180, 0.78540, 3.12221, 2.33658, 0.32338
0.01745, 0.26180, 1.48353, 0.12179, 3.00363, 0.27025
0.01745, 0.26180, 1.57080, 0.11946, 3.00553, 0.27932
0.01745, 0.52360, 0.00000, 3.11798, 0.41104, 0.92527
0.01745, 0.52360, 0.08727, 3.11811, 0.41777, 0.91605
0.01745, 0.52360, 0.78540, 3.10718, 2.23873, 0.32300
0.01745, 0.52360, 1.48353, 0.12913, 2.88967, 0.27178
0.01745, 0.52360, 1.57080, 0.12655, 2.89291, 0.28084
0.01745, 0.78540, 0.00000, 3.12167, 0.73304, 0.92574
0.01745, 0.78540, 0.08727, 3.12172, 0.74450, 0.91649
0.01745, 0.78540, 0.78540, 3.09028, 2.29973, 0.32243
0.01745, 0.78540, 1.48353, 0.13953, 2.81205, 0.27413
0.01745, 0.78540, 1.57080, 0.13657, 2.81581, 0.28318
0.01745, 1.04720, 0.00000, 3.12423, 1.22198, 0.92622
0.01745, 1.04720, 0.08727, 3.12415, 1.23721, 0.91693
0.01745, 1.04720, 0.78540, 3.07213, 2.39852, 0.32171
0.01745, 1.04720, 1.48353, 0.15117, 2.77100, 0.27708
0.01745, 1.04720, 1.57080, 0.14775, 2.77461, 0.28612
0.01745, 1.30900, 0.00000, 3.12289, 1.80564, 0.92658
0.01745, 1.30900, 0.08727, 3.12264, 1.81711, 0.91724
0.01745, 1.30900, 0.78540, 3.05321, 2.50460, 0.32087
0.01745, 1.30900, 1.48353, 0.16257, 2.76102, 0.28036
0.01745, 1.30900, 1.57080, 0.15870, 2.76407, 0.28938
0.01745, 1.57080, 0.00000, 3.11730, 2.25449, 0.92673
0.01745, 1.57080, 0.08727, 3.11695, 2.25976, 0.91736
0.01745, 1.57080, 0.78540, 3.03421, 2.60828, 0.32000
0.01745, 1.57080, 1.48353, 0.17278, 2.77571, 0.28365
0.01745, 1.57080, 1.57080, 0.16848, 2.77807, 0.29266
0.01745, 1.83260, 0.00000, 3.10962, 2.53623, 0.92664
0.01745, 1.83260, 0.08727, 3.10920, 2.53828, 0.91725
0.01745, 1.83260, 0.78540, 3.01598, 2.70689, 0.31918
0.01745, 1.83260, 1.48353, 0.18128, 2.80962, 0.28674
0.01745, 1.83260, 1.57080, 0.17659, 2.81129, 0.29574
0.01745, 2.09440, 0.00000, 3.10165, 2.72066, 0.92634
0.01745, 2.09440, 0.08727, 3.10118, 2.72141, 0.91695
0.01745, 2.09440, 0.78540, 2.99946, 2.80035, 0.31847
0.01745, 2.09440, 1.48353, 0.18790, 2.85852, 0.28941
0.01745, 2.09440, 1.57080, 0.18288, 2.85958, 0.29841
0.01745, 2.35619, 0.00000, 3.09451, 2.85446, 0.92592
0.01745, 2.35619, 0.08727, 3.09399, 2.85471, 0.91653
0.01745, 2.35619, 0.78540, 2.98553, 2.88948, 0.31792
0.01745, 2.35619, 1.48353, 0.19272, 2.91904, 0.29154
0.01745, 2.35619, 1.57080, 0.18741, 2.91965, 0.30054
0.01745, 2.61799, 0.00000, 3.08893, 2.96149, 0.92547
0.01745, 2.61799, 0.08727, 3.08836, 2.96158, 0.91611
0.01745, 2.61799, 0.78540, 2.97493, 2.97538, 0.31759
0.01745, 2.61799, 1.48353, 0.19594, 2.98830, 0.29307
0.01745, 2.61799, 1.57080, 0.19038, 2.98858, 0.30209
0.01745, 2.87979, 0.00000, 3.08538, 3.05456, 0.92513
0.01745, 2.87979, 0.08727, 3.08479, 3.05460, 0.91581
0.01745, 2.87979, 0.78540, 2.96823, 3.05909, 0.31748
0.01745, 2.87979, 1.48353, 0.19779, 3.06346, 0.29396
0.01745, 2.87979, 1.57080, 0.19204, 3.06355, 0.30301
0.01745, 3.14159, 0.00000, 3.08417, 3.14159, 0.92497
0.01745, 3.14159, 0.08727, 3.08355, 3.14159, 0.91569
0.01745, 3.14159, 0.78540, 2.96578, 3.14159, 0.31761
0.01745, 3.14159, 1.48353, 0.19846, 3.14159, 0.29424
0.01745, 3.14159, 1.57080, 0.19258, 3.14159, 0.30332
0.01745, 3.40339, 0.00000, 3.08538, -3.05454, 0.92504
0.01745, 3.40339, 0.08727, 3.08475, -3.05465, 0.91580
0.01745, 3.40339, 0.78540, 2.96771, -3.05942, 0.31793
0.01745, 3.40339, 1.48353, 0.19799, -3.06351, 0.29389
0.01745, 3.40339, 1.57080, 0.19205, -3.06355, 0.30301
0.01745, 3.66519, 0.00000, 3.08893, -2.96142, 0.92529
0.01745, 3.66519, 0.08727, 3.08829, -2.96180, 0.91608
0.01745, 3.66519, 0.78540, 2.97390, -2.97669, 0.31844
0.01745, 3.66519, 1.48353, 0.19632, -2.98851, 0.29294
0.01745, 3.66519, 1.57080, 0.19039, -2.98859, 0.30209
0.01745, 3.92699, 0.00000, 3.09452, -2.85429, 0.92566
0.01745, 3.92699, 0.08727, 3.09388, -2.85526, 0.91648
0.01745, 3.92699, 0.78540, 2.98403, -2.89250, 0.31905
0.01745, 3.92699, 1.48353, 0.19325, -2.91948, 0.29136
0.01745, 3.92699, 1.57080, 0.18742, -2.91967, 0.30054
0.01745, 4.18879, 0.00000, 3.10166, -2.72030, 0.92602
0.01745, 4.18879, 0.08727, 3.10105, -2.72256, 0.91687
0.01745, 4.18879, 0.78540, 2.99757, -2.80587, 0.31975
0.01745, 4.18879, 1.48353, 0.18854, -2.85921, 0.28922
0.01745, 4.18879, 1.57080, 0.18290, -2.85961, 0.29841
0.01745, 4.45059, 0.00000, 3.10963, -2.53551, 0.92628
0.01745, 4.45059, 0.08727, 3.10907, -2.54057, 0.91714
0.01745, 4.45059, 0.78540, 3.01381, -2.71588, 0.32047
0.01745, 4.45059, 1.48353, 0.18198, -2.81061, 0.28653
0.01745, 4.45059, 1.57080, 0.17661, -2.81133, 0.29574
0.01745, 4.71239, 0.00000, 3.11731, -2.25315, 0.92635
0.01745, 4.71239, 0.08727, 3.11684, -2.26424, 0.91722
0.01745, 4.71239, 0.78540, 3.03190, -2.62185, 0.32119
0.01745, 4.71239, 1.48353, 0.17350, -2.77695, 0.28347
0.01745, 4.71239, 1.57080, 0.16849, -2.77814, 0.29266
0.01745, 4.97419, 0.00000, 3.12288, -1.80350, 0.92622
0.01745, 4.97419, 0.08727, 3.12259, -1.82461, 0.91708
0.01745, 4.97419, 0.78540, 3.05096, -2.52402, 0.32186
0.01745, 4.97419, 1.48353, 0.16327, -2.76242, 0.28019
0.01745, 4.97419, 1.57080, 0.15872, -2.76413, 0.28937
0.01745, 5.23599, 0.00000, 3.12420, -1.21998, 0.92590
0.01745, 5.23599, 0.08727, 3.12418, -1.24482, 0.91676
0.01745, 5.23599, 0.78540, 3.07013, -2.42489, 0.32245
0.01745, 5.23599, 1.48353, 0.15181, -2.77239, 0.27696
0.01745, 5.23599, 1.57080, 0.14777, -2.77463, 0.28611
0.01745, 5.49779, 0.00000, 3.12163, -0.73201, 0.92548
0.01745, 5.49779, 0.08727, 3.12180, -0.74867, 0.91634
0.01745, 5.49779, 0.78540, 3.08870, -2.33329, 0.32295
0.01745, 5.49779, 1.48353, 0.14007, -2.81319, 0.27403
0.01745, 5.49779, 1.57080, 0.13658, -2.81582, 0.28318
0.01745, 5.75959, 0.00000, 3.11795, -0.41066, 0.92508
0.01745, 5.75959, 0.08727, 3.11818, -0.41935, 0.91593
0.01745, 5.75959, 0.78540, 3.10609, -2.27727, 0.32332
0.01745, 5.75959, 1.48353, 0.12953, -2.89038, 0.27172
0.01745, 5.75959, 1.57080, 0.12656, -2.89293, 0.28084
0.01745, 6.02139, 0.00000, 3.11517, -0.18598, 0.92480
0.01745, 6.02139, 0.08727, 3.11540, -0.18954, 0.91564
0.01745, 6.02139, 0.78540, 3.12157, -2.36983, 0.32353
0.01745, 6.02139, 1.48353, 0.12200, -3.00386, 0.27023
0.01745, 6.02139, 1.57080, 0.11946, -3.00553, 0.27932
0.01745, 6.28319, 0.00000, 3.11416, 0.00000, 0.92474
0.01745, 6.28319, 0.08727, 3.11437, 0.00000, 0.91557
0.01745, 6.28319, 0.78540, 3.13053, 3.14159, 0.32356
0.01745, 6.28319, 1.48353, 0.11919, 3.14159, 0.26972
0.01745, 6.28319, 1.57080, 0.11687, 3.14159, 0.27880
0.01745, 6.30064, 0.00000, 3.11416, 0.00000, 0.92474
0.01745, 6.30064, 0.08727, 3.11437, 0.00000, 0.91557
0.01745, 6.30064, 0.78540, 3.13053, 3.14159, 0.32356
0.01745, 6.30064, 1.48353, 0.11919, 3.14159, 0.26972
0.01745, 6.30064, 1.57080, 0.11687, 3.14159, 0.27880
0.03491, 0.00000, 0.00000, 3.07049, 0.00000, 0.91748
0.03491, 0.00000, 0.08727, 3.07049, 0.00000, 0.90847
0.03491, 0.00000, 0.78540, 3.06975, 0.00000, 0.32653
0.03491, 0.00000, 1.48353, 0.06924, 3.14159, 0.25497
0.03491, 0.00000, 1.57080, 0.06927, 3.14159, 0.26391
0.03491, 0.26180, 0.00000, 3.07281, 0.14345, 0.91802
0.03491, 0.26180, 0.08727, 3.07274, 0.14473, 0.90899
0.03491, 0.26180, 0.78540, 3.06879, 0.38949, 0.32635
0.03491, 0.26180, 1.48353, 0.08064, 2.69021, 0.25621
0.03491, 0.26180, 1.57080, 0.08025, 2.70421, 0.26514
0.03491, 0.52360, 0.00000, 3.07937, 0.30967, 0.91934
0.03491, 0.52360, 0.08727, 3.07924, 0.31213, 0.91028
0.03491, 0.52360, 0.78540, 3.06714, 0.80189, 0.32571
0.03491, 0.52360, 1.48353, 0.10649, 2.45965, 0.25974
0.03491, 0.52360, 1.57080, 0.10499, 2.47536, 0.26868
0.03491, 0.78540, 0.00000, 3.08894, 0.53296, 0.92112
0.03491, 0.78540, 0.08727, 3.08876, 0.53672, 0.91197
0.03491, 0.78540, 0.78540, 3.06132, 1.24005, 0.32461
0.03491, 0.78540, 1.48353, 0.13546, 2.38312, 0.26513
0.03491, 0.78540, 1.57080, 0.13285, 2.39596, 0.27406
0.03491, 1.04720, 0.00000, 3.09895, 0.87346, 0.92289
0.03491, 1.04720, 0.08727, 3.09871, 0.87849, 0.91364
0.03491, 1.04720, 0.78540, 3.04783, 1.65622, 0.32309
0.03491, 1.04720, 1.48353, 0.16219, 2.38313, 0.27173
0.03491, 1.04720, 1.57080, 0.15862, 2.39265, 0.28064
0.03491, 1.30900, 0.00000, 3.10459, 1.38977, 0.92420
0.03491, 1.30900, 0.08727, 3.10425, 1.39440, 0.91485
0.03491, 1.30900, 0.78540, 3.02630, 2.00040, 0.32131
0.03491, 1.30900, 1.48353, 0.18453, 2.42314, 0.27877
0.03491, 1.30900, 1.57080, 0.18018, 2.42974, 0.28767
0.03491, 1.57080, 0.00000, 3.10092, 1.95826, 0.92472
0.03491, 1.57080, 0.08727, 3.10048, 1.95994, 0.91527
0.03491, 1.57080, 0.78540, 2.99936, 2.26588, 0.31944
0.03491, 1.57080, 1.48353, 0.20179, 2.48690, 0.28555
0.03491, 1.57080, 1.57080, 0.19681, 2.49119, 0.29440
0.03491, 1.83260, 0.00000, 3.08954, 2.36731, 0.92432
0.03491, 1.83260, 0.08727, 3.08902, 2.36704, 0.91480
0.03491, 1.83260, 0.78540, 2.97051, 2.47166, 0.31766
0.03491, 1.83260, 1.48353, 0.21405, 2.56724, 0.29147
0.03491, 1.83260, 1.57080, 0.20855, 2.56972, 0.30029
0.03491, 2.09440, 0.00000, 3.07550, 2.62422, 0.92312
0.03491, 2.09440, 0.08727, 3.07491, 2.62343, 0.91357
0.03491, 2.09440, 0.78540, 2.94295, 2.63811, 0.31614
0.03491, 2.09440, 1.48353, 0.22189, 2.66109, 0.29618
0.03491, 2.09440, 1.57080, 0.21595, 2.66228, 0.30497
0.03491, 2.35619, 0.00000, 3.06222, 2.79779, 0.92144
0.03491, 2.35619, 0.08727, 3.06156, 2.79706, 0.91192
0.03491, 2.35619, 0.78540, 2.91917, 2.78013, 0.31501
0.03491, 2.35619, 1.48353, 0.22622, 2.76722, 0.29956
0.03491, 2.35619, 1.57080, 0.21991, 2.76755, 0.30836
0.03491, 2.61799, 0.00000, 3.05161, 2.92924, 0.91973
0.03491, 2.61799, 0.08727, 3.05089, 2.92875, 0.91028
0.03491, 2.61799, 0.78540, 2.90095, 2.90750, 0.31437
0.03491, 2.61799, 1.48353, 0.22819, 2.88447, 0.30170
0.03491, 2.61799, 1.57080, 0.22153, 2.88435, 0.31053
0.03491, 2.87979, 0.00000, 3.04482, 3.03978, 0.91846
0.03491, 2.87979, 0.08727, 3.04404, 3.03956, 0.90910
0.03491, 2.87979, 0.78540, 2.88944, 3.02656, 0.31425
0.03491, 2.87979, 1.48353, 0.22891, 3.01056, 0.30282
0.03491, 2.87979, 1.57080, 0.22194, 3.01035, 0.31170
0.03491, 3.14159, 0.00000, 3.04248, 3.14159, 0.91792
0.03491, 3.14159, 0.08727, 3.04166, 3.14159, 0.90868
0.03491, 3.14159, 0.78540, 2.88528, 3.14159, 0.31463
0.03491, 3.14159, 1.48353, 0.22921, 3.14159, 0.30311
0.03491, 3.14159, 1.57080, 0.22197, 3.14159, 0.31207
0.03491, 3.40339, 0.00000, 3.04480, -3.03976, 0.91827
0.03491, 3.40339, 0.08727, 3.04395, -3.03963, 0.90913
0.03491, 3.40339, 0.78540, 2.88867, -3.02721, 0.31542
0.03491, 3.40339, 1.48353, 0.22937, -3.01072, 0.30266
0.03491, 3.40339, 1.57080, 0.22196, -3.01036, 0.31170
0.03491, 3.66519, 0.00000, 3.05158, -2.92915, 0.91937
0.03491, 3.66519, 0.08727, 3.05072, -2.92906, 0.91032
0.03491, 3.66519, 0.78540, 2.89944, -2.91010, 0.31652
0.03491, 3.66519, 1.48353, 0.22905, -2.88506, 0.30139
0.03491, 3.66519, 1.57080, 0.22156, -2.88438, 0.31053
0.03491, 3.92699, 0.00000, 3.06218, -2.79756, 0.92092
0.03491, 3.92699, 0.08727, 3.06133, -2.79783, 0.91193
0.03491, 3.92699, 0.78540, 2.91698, -2.78605, 0.31782
0.03491, 3.92699, 1.48353, 0.22736, -2.76840, 0.29915
0.03491, 3.92699, 1.57080, 0.21994, -2.76762, 0.30836
0.03491, 4.18879, 0.00000, 3.07547, -2.62370, 0.92249
0.03491, 4.18879, 0.08727, 3.07465, -2.62506, 0.91352
0.03491, 4.18879, 0.78540, 2.94015, -2.64911, 0.31918
0.03491, 4.18879, 1.48353, 0.22317, -2.66297, 0.29573
0.03491, 4.18879, 1.57080, 0.21599, -2.66239, 0.30498
0.03491, 4.45059, 0.00000, 3.08952, -2.36627, 0.92362
0.03491, 4.45059, 0.08727, 3.08877, -2.37041, 0.91464
0.03491, 4.45059, 0.78540, 2.96729, -2.49047, 0.32053
0.03491, 4.45059, 1.48353, 0.21540, -2.56990, 0.29104
0.03491, 4.45059, 1.57080, 0.20858, -2.56984, 0.30029
0.03491, 4.71239, 0.00000, 3.10089, -1.95636, 0.92400
0.03491, 4.71239, 0.08727, 3.10031, -1.96639, 0.91499
0.03491, 4.71239, 0.78540, 2.99612, -2.29680, 0.32180
0.03491, 4.71239, 1.48353, 0.20311, -2.49047, 0.28517
0.03491, 4.71239, 1.57080, 0.19684, -2.49132, 0.29439
0.03491, 4.97419, 0.00000, 3.10452, -1.38756, 0.92348
0.03491, 4.97419, 0.08727, 3.10425, -1.40270, 0.91446
0.03491, 4.97419, 0.78540, 3.02384, -2.04853, 0.32298
0.03491, 4.97419, 1.48353, 0.18576, -2.42771, 0.27849
0.03491, 4.97419, 1.57080, 0.18020, -2.42986, 0.28766
0.03491, 5.23599, 0.00000, 3.09885, -0.87209, 0.92223
0.03491, 5.23599, 0.08727, 3.09885, -0.88434, 0.91319
0.03491, 5.23599, 0.78540, 3.04716, -1.72199, 0.32403
0.03491, 5.23599, 1.48353, 0.16330, -2.38870, 0.27154
0.03491, 5.23599, 1.57080, 0.15864, -2.39274, 0.28063
0.03491, 5.49779, 0.00000, 3.08883, -0.53233, 0.92058
0.03491, 5.49779, 0.08727, 3.08895, -0.53964, 0.91153
0.03491, 5.49779, 0.78540, 3.06294, -1.30785, 0.32496
0.03491, 5.49779, 1.48353, 0.13643, -2.38932, 0.26502
0.03491, 5.49779, 1.57080, 0.13285, -2.39602, 0.27405
0.03491, 5.75959, 0.00000, 3.07928, -0.30945, 0.91896
0.03491, 5.75959, 0.08727, 3.07940, -0.31330, 0.90992
0.03491, 5.75959, 0.78540, 3.07002, -0.84530, 0.32574
0.03491, 5.75959, 1.48353, 0.10727, -2.46531, 0.25969
0.03491, 5.75959, 1.57080, 0.10500, -2.47536, 0.26867
0.03491, 6.02139, 0.00000, 3.07276, -0.14340, 0.91782
0.03491, 6.02139, 0.08727, 3.07283, -0.14500, 0.90880
0.03491, 6.02139, 0.78540, 3.07092, -0.40216, 0.32629
0.03491, 6.02139, 1.48353, 0.08113, -2.69306, 0.25619
0.03491, 6.02139, 1.57080, 0.08025, -2.70422, 0.26514
0.03491, 6.28319, 0.00000, 3.07049, 0.00000, 0.91748
0.03491, 6.28319, 0.08727, 3.07049, 0.00000, 0.90847
0.03491, 6.28319, 0.78540, 3.06975, 0.00000, 0.32653
0.03491, 6.28319, 1.48353, 0.06924, 3.14159, 0.25497
0.03491, 6.28319, 1.57080, 0.06927, 3.14159, 0.26391
0.03491, 6.30064, 0.00000, 3.07049, 0.00000, 0.91748
0.03491, 6.30064, 0.08727, 3.07049, 0.00000, 0.90847
0.03491, 6.30064, 0.78540, 3.06975, 0.00000, 0.32653
0.03491, 6.30064, 1.48353, 0.06924, 3.14159, 0.25497
0.03491, 6.30064, 1.57080, 0.06927, 3.14159, 0.26391
0.05236, 0.00000, 0.00000, 3.02563, 0.00000, 0.90577
0.05236, 0.00000, 0.08727, 3.02542, 0.00000, 0.89698
0.05236, 0.00000, 0.78540, 2.98738, 0.00000, 0.32955
0.05236, 0.00000, 1.48353, 0.01144, 3.14159, 0.23911
0.05236, 0.00000, 1.57080, 0.01431, 3.14159, 0.24779
0.05236, 0.26180, 0.00000, 3.02933, 0.13318, 0.90689
0.05236, 0.26180, 0.08727, 3.02899, 0.13408, 0.89812
0.05236, 0.26180, 0.78540, 2.98808, 0.27066, 0.32958
0.05236, 0.26180, 1.48353, 0.05829, 1.86932, 0.24118
0.05236, 0.26180, 1.57080, 0.05745, 1.93108, 0.24989
0.05236, 0.52360, 0.00000, 3.03976, 0.28557, 0.90968
0.05236, 0.52360, 0.08727, 3.03934, 0.28713, 0.90087
0.05236, 0.52360, 0.78540, 2.99349, 0.56623, 0.32878
0.05236, 0.52360, 1.48353, 0.11082, 1.88723, 0.24716
0.05236, 0.52360, 1.57080, 0.10826, 1.92074, 0.25591
0.05236, 0.78540, 0.00000, 3.05519, 0.48592, 0.91347
0.05236, 0.78540, 0.08727, 3.05471, 0.48804, 0.90454
0.05236, 0.78540, 0.78540, 2.99928, 0.91586, 0.32714
0.05236, 0.78540, 1.48353, 0.15656, 1.96983, 0.25616
0.05236, 0.78540, 1.57080, 0.15275, 1.99135, 0.26496
0.05236, 1.04720, 0.00000, 3.07214, 0.78644, 0.91730
0.05236, 1.04720, 0.08727, 3.07164, 0.78895, 0.90818
0.05236, 1.04720, 0.78540, 2.99794, 1.32087, 0.32477
0.05236, 1.04720, 1.48353, 0.19370, 2.06904, 0.26699
0.05236, 1.04720, 1.57080, 0.18897, 2.08315, 0.27577
0.05236, 1.30900, 0.00000, 3.08416, 1.25699, 0.92017
0.05236, 1.30900, 0.08727, 3.08363, 1.25887, 0.91083
0.05236, 1.30900, 0.78540, 2.98299, 1.72775, 0.32191
0.05236, 1.30900, 1.48353, 0.22190, 2.17494, 0.27824
0.05236, 1.30900, 1.57080, 0.21646, 2.18389, 0.28698
0.05236, 1.57080, 0.00000, 3.08305, 1.83696, 0.92128
0.05236, 1.57080, 0.08727, 3.08246, 1.83664, 0.91175
0.05236, 1.57080, 0.78540, 2.95477, 2.07171, 0.31889
0.05236, 1.57080, 1.48353, 0.24156, 2.28505, 0.28861
0.05236, 1.57080, 1.57080, 0.23558, 2.29032, 0.29727
0.05236, 1.83260, 0.00000, 3.06879, 2.29287, 0.92035
0.05236, 1.83260, 0.08727, 3.06814, 2.29127, 0.91069
0.05236, 1.83260, 0.78540, 2.91931, 2.33809, 0.31604
0.05236, 1.83260, 1.48353, 0.25353, 2.40013, 0.29709
0.05236, 1.83260, 1.57080, 0.24714, 2.40283, 0.30566
0.05236, 2.09440, 0.00000, 3.04910, 2.58107, 0.91764
0.05236, 2.09440, 0.08727, 3.04838, 2.57941, 0.90793
0.05236, 2.09440, 0.78540, 2.88330, 2.54602, 0.31363
0.05236, 2.09440, 1.48353, 0.25907, 2.52303, 0.30313
0.05236, 2.09440, 1.57080, 0.25231, 2.52400, 0.31165
0.05236, 2.35619, 0.00000, 3.02988, 2.77191, 0.91393
0.05236, 2.35619, 0.08727, 3.02908, 2.77060, 0.90427
0.05236, 2.35619, 0.78540, 2.85170, 2.71749, 0.31192
0.05236, 2.35619, 1.48353, 0.25983, 2.65752, 0.30678
0.05236, 2.35619, 1.57080, 0.25272, 2.65740, 0.31527
0.05236, 2.61799, 0.00000, 3.01436, 2.91408, 0.91022
0.05236, 2.61799, 0.08727, 3.01349, 2.91323, 0.90068
0.05236, 2.61799, 0.78540, 2.82751, 2.86812, 0.31100
0.05236, 2.61799, 1.48353, 0.25795, 2.80651, 0.30852
0.05236, 2.61799, 1.57080, 0.25044, 2.80584, 0.31705
0.05236, 2.87979, 0.00000, 3.00438, 3.03266, 0.90747
0.05236, 2.87979, 0.08727, 3.00342, 3.03229, 0.89813
0.05236, 2.87979, 0.78540, 2.81234, 3.00751, 0.31096
0.05236, 2.87979, 1.48353, 0.25573, 2.96963, 0.30907
0.05236, 2.87979, 1.57080, 0.24777, 2.96901, 0.31770
0.05236, 3.14159, 0.00000, 3.00092, 3.14159, 0.90638
0.05236, 3.14159, 0.08727, 2.99991, 3.14159, 0.89724
0.05236, 3.14159, 0.78540, 2.80691, 3.14159, 0.31172
0.05236, 3.14159, 1.48353, 0.25504, 3.14159, 0.30908
0.05236, 3.14159, 1.57080, 0.24664, 3.14159, 0.31784
0.05236, 3.40339, 0.00000, 3.00433, -3.03264, 0.90719
0.05236, 3.40339, 0.08727, 3.00326, -3.03240, 0.89824
0.05236, 3.40339, 0.78540, 2.81146, -3.00854, 0.31310
0.05236, 3.40339, 1.48353, 0.25656, -2.96995, 0.30879
0.05236, 3.40339, 1.57080, 0.24780, -2.96903, 0.31770
0.05236, 3.66519, 0.00000, 3.01427, -2.91397, 0.90967
0.05236, 3.66519, 0.08727, 3.01318, -2.91367, 0.90087
0.05236, 3.66519, 0.78540, 2.82590, -2.87203, 0.31490
0.05236, 3.66519, 1.48353, 0.25944, -2.80762, 0.30799
0.05236, 3.66519, 1.57080, 0.25048, -2.80591, 0.31706
0.05236, 3.92699, 0.00000, 3.02977, -2.77166, 0.91316
0.05236, 3.92699, 0.08727, 3.02870, -2.77158, 0.90443
0.05236, 3.92699, 0.78540, 2.84946, -2.72592, 0.31691
0.05236, 3.92699, 1.48353, 0.26173, -2.65958, 0.30608
0.05236, 3.92699, 1.57080, 0.25277, -2.65753, 0.31529
0.05236, 4.18879, 0.00000, 3.04900, -2.58050, 0.91671
0.05236, 4.18879, 0.08727, 3.04797, -2.58133, 0.90798
0.05236, 4.18879, 0.78540, 2.88046, -2.56086, 0.31890
0.05236, 4.18879, 1.48353, 0.26111, -2.52603, 0.30238
0.05236, 4.18879, 1.57080, 0.25237, -2.52418, 0.31165
0.05236, 4.45059, 0.00000, 3.06871, -2.29169, 0.91930
0.05236, 4.45059, 0.08727, 3.06776, -2.29507, 0.91053
0.05236, 4.45059, 0.78540, 2.91596, -2.36282, 0.32076
0.05236, 4.45059, 1.48353, 0.25553, -2.40417, 0.29638
0.05236, 4.45059, 1.57080, 0.24719, -2.40304, 0.30566
0.05236, 4.71239, 0.00000, 3.08295, -1.83488, 0.92018
0.05236, 4.71239, 0.08727, 3.08222, -1.84367, 0.91134
0.05236, 4.71239, 0.78540, 2.95155, -2.11222, 0.32242
0.05236, 4.71239, 1.48353, 0.24338, -2.29053, 0.28806
0.05236, 4.71239, 1.57080, 0.23562, -2.29052, 0.29726
0.05236, 4.97419, 0.00000, 3.08399, -1.25490, 0.91909
0.05236, 4.97419, 0.08727, 3.08363, -1.26724, 0.91018
0.05236, 4.97419, 0.78540, 2.98152, -1.78880, 0.32391
0.05236, 4.97419, 1.48353, 0.22348, -2.18251, 0.27788
0.05236, 4.97419, 1.57080, 0.21649, -2.18404, 0.28696
0.05236, 5.23599, 0.00000, 3.07191, -0.78524, 0.91632
0.05236, 5.23599, 0.08727, 3.07186, -0.79479, 0.90736
0.05236, 5.23599, 0.78540, 3.00005, -1.39338, 0.32529
0.05236, 5.23599, 1.48353, 0.19498, -2.07936, 0.26682
0.05236, 5.23599, 1.57080, 0.18898, -2.08324, 0.27575
0.05236, 5.49779, 0.00000, 3.05496, -0.48537, 0.91266
0.05236, 5.49779, 0.08727, 3.05501, -0.49116, 0.90368
0.05236, 5.49779, 0.78540, 3.00481, -0.97485, 0.32661
0.05236, 5.49779, 1.48353, 0.15749, -1.98329, 0.25613
0.05236, 5.49779, 1.57080, 0.15276, -1.99136, 0.26494
0.05236, 5.75959, 0.00000, 3.03958, -0.28536, 0.90910
0.05236, 5.75959, 0.08727, 3.03961, -0.28844, 0.90017
0.05236, 5.75959, 0.78540, 2.99981, -0.59706, 0.32785
0.05236, 5.75959, 1.48353, 0.11141, -1.90359, 0.24718
0.05236, 5.75959, 1.57080, 0.10826, -1.92067, 0.25590
0.05236, 6.02139, 0.00000, 3.02922, -0.13314, 0.90659
0.05236, 6.02139, 0.08727, 3.02915, -0.13440, 0.89772
0.05236, 6.02139, 0.78540, 2.99214, -0.27880, 0.32891
0.05236, 6.02139, 1.48353, 0.05861, -1.88731, 0.24121
0.05236, 6.02139, 1.57080, 0.05745, -1.93094, 0.24988
0.05236, 6.28319, 0.00000, 3.02563, 0.00000, 0.90577
0.05236, 6.28319, 0.08727, 3.02542, 0.00000, 0.89698
0.05236, 6.28319, 0.78540, 2.98738, 0.00000, 0.32955
0.05236, 6.28319, 1.48353, 0.01144, 3.14159, 0.23911
0.05236, 6.28319, 1.57080, 0.01431, 3.14159, 0.24779
0.05236, 6.30064, 0.00000, 3.02563, 0.00000, 0.90577
0.05236, 6.30064, 0.08727, 3.02542, 0.00000, 0.89698
0.05236, 6.30064, 0.78540, 2.98738, 0.00000, 0.32955
0.05236, 6.30064, 1.48353, 0.01144, 3.14159, 0.23911
0.05236, 6.30064, 1.57080, 0.01431, 3.14159, 0.24779
0.06981, 0.00000, 0.00000, 2.97926, 0.00000, 0.89011
0.06981, 0.00000, 0.08727, 2.97885, 0.00000, 0.88159
0.06981, 0.00000, 0.78540, 2.90625, 0.00000, 0.33272
0.06981, 0.00000, 1.48353, 0.05504, 0.00000, 0.22241
0.06981, 0.00000, 1.57080, 0.04875, 0.00000, 0.23071
0.06981, 0.26180, 0.00000, 2.98445, 0.12879, 0.89193
0.06981, 0.26180, 0.08727, 2.98383, 0.12950, 0.88350
0.06981, 0.26180, 0.78540, 2.90756, 0.23353, 0.33314
0.06981, 0.26180, 1.48353, 0.09147, 1.03939, 0.22548
0.06981, 0.26180, 1.57080, 0.08568, 1.09094, 0.23387
0.06981, 0.52360, 0.00000, 2.99905, 0.27505, 0.89658
0.06981, 0.52360, 0.08727, 2.99829, 0.27615, 0.88812
0.06981, 0.52360, 0.78540, 2.91764, 0.48706, 0.33230
0.06981, 0.52360, 1.48353, 0.14868, 1.43672, 0.23428
0.06981, 0.52360, 1.57080, 0.14278, 1.47385, 0.24279
0.06981, 0.78540, 0.00000, 3.02067, 0.46511, 0.90298
0.06981, 0.78540, 0.08727, 3.01986, 0.46637, 0.89437
0.06981, 0.78540, 0.78540, 2.93196, 0.79082, 0.33010
0.06981, 0.78540, 1.48353, 0.19951, 1.66868, 0.24744
0.06981, 0.78540, 1.57080, 0.19326, 1.69404, 0.25603
0.06981, 1.04720, 0.00000, 3.04477, 0.74742, 0.90955
0.06981, 1.04720, 0.08727, 3.04398, 0.74861, 0.90064
0.06981, 1.04720, 0.78540, 2.94104, 1.16402, 0.32674
0.06981, 1.04720, 1.48353, 0.23934, 1.84818, 0.26298
0.06981, 1.04720, 1.57080, 0.23278, 1.86481, 0.27159
0.06981, 1.30900, 0.00000, 3.06317, 1.19394, 0.91448
0.06981, 1.30900, 0.08727, 3.06242, 1.19435, 0.90523
0.06981, 1.30900, 0.78540, 2.93361, 1.57741, 0.32264
0.06981, 1.30900, 1.48353, 0.26798, 2.00387, 0.27876
0.06981, 1.30900, 1.57080, 0.26117, 2.01407, 0.28731
0.06981, 1.57080, 0.00000, 3.06472, 1.77292, 0.91640
0.06981, 1.57080, 0.08727, 3.06396, 1.77150, 0.90681
0.06981, 1.57080, 0.78540, 2.90597, 1.95510, 0.31836
0.06981, 1.57080, 1.48353, 0.28633, 2.14653, 0.29277
0.06981, 1.57080, 1.57080, 0.27932, 2.15221, 0.30120
0.06981, 1.83260, 0.00000, 3.04778, 2.25108, 0.91472
0.06981, 1.83260, 0.08727, 3.04699, 2.24866, 0.90493
0.06981, 1.83260, 0.78540, 2.86532, 2.25435, 0.31435
0.06981, 1.83260, 1.48353, 0.29551, 2.28348, 0.30346
0.06981, 1.83260, 1.57080, 0.28832, 2.28617, 0.31176
0.06981, 2.09440, 0.00000, 3.02254, 2.55567, 0.90998
0.06981, 2.09440, 0.08727, 3.02167, 2.55339, 0.90010
0.06981, 2.09440, 0.78540, 2.82213, 2.48583, 0.31104
0.06981, 2.09440, 1.48353, 0.29690, 2.42262, 0.31011
0.06981, 2.09440, 1.57080, 0.28952, 2.42337, 0.31830
0.06981, 2.35619, 0.00000, 2.99741, 2.75570, 0.90355
0.06981, 2.35619, 0.08727, 2.99647, 2.75395, 0.89375
0.06981, 2.35619, 0.78540, 2.78414, 2.67465, 0.30872
0.06981, 2.35619, 1.48353, 0.29251, 2.57292, 0.31295
0.06981, 2.35619, 1.57080, 0.28484, 2.57244, 0.32111
0.06981, 2.61799, 0.00000, 2.97696, 2.90397, 0.89720
0.06981, 2.61799, 0.08727, 2.97593, 2.90289, 0.88761
0.06981, 2.61799, 0.78540, 2.75543, 2.84011, 0.30760
0.06981, 2.61799, 1.48353, 0.28524, 2.74252, 0.31316
0.06981, 2.61799, 1.57080, 0.27715, 2.74138, 0.32135
0.06981, 2.87979, 0.00000, 2.96374, 3.02772, 0.89258
0.06981, 2.87979, 0.08727, 2.96262, 3.02724, 0.88328
0.06981, 2.87979, 0.78540, 2.73765, 2.99366, 0.30773
0.06981, 2.87979, 1.48353, 0.27883, 2.93439, 0.31230
0.06981, 2.87979, 1.57080, 0.27011, 2.93336, 0.32061
0.06981, 3.14159, 0.00000, 2.95913, 3.14159, 0.89078
0.06981, 3.14159, 0.08727, 2.95793, 3.14159, 0.88181
0.06981, 3.14159, 0.78540, 2.73127, 3.14159, 0.30897
0.06981, 3.14159, 1.48353, 0.27671, 3.14159, 0.31171
0.06981, 3.14159, 1.57080, 0.26728, 3.14159, 0.32020
0.06981, 3.40339, 0.00000, 2.96363, -3.02770, 0.89220
0.06981, 3.40339, 0.08727, 2.96234, -3.02740, 0.88352
0.06981, 3.40339, 0.78540, 2.73664, -2.99522, 0.31106
0.06981, 3.40339, 1.48353, 0.28019, -2.93499, 0.31190
0.06981, 3.40339, 1.57080, 0.27015, -2.93339, 0.32062
0.06981, 3.66519, 0.00000, 2.97677, -2.90388, 0.89648
0.06981, 3.66519, 0.08727, 2.97545, -2.90347, 0.88801
0.06981, 3.66519, 0.78540, 2.75383, -2.84578, 0.31363
0.06981, 3.66519, 1.48353, 0.28760, -2.74441, 0.31242
0.06981, 3.66519, 1.57080, 0.27720, -2.74148, 0.32137
0.06981, 3.92699, 0.00000, 2.99719, -2.75542, 0.90253
0.06981, 3.92699, 0.08727, 2.99589, -2.75521, 0.89414
0.06981, 3.92699, 0.78540, 2.78233, -2.68594, 0.31634
0.06981, 3.92699, 1.48353, 0.29538, -2.57605, 0.31197
0.06981, 3.92699, 1.57080, 0.28491, -2.57262, 0.32113
0.06981, 4.18879, 0.00000, 3.02233, -2.55506, 0.90874
0.06981, 4.18879, 0.08727, 3.02109, -2.55561, 0.90034
0.06981, 4.18879, 0.78540, 2.82003, -2.50402, 0.31890
0.06981, 4.18879, 1.48353, 0.29985, -2.42666, 0.30903
0.06981, 4.18879, 1.57080, 0.28959, -2.42362, 0.31830
0.06981, 4.45059, 0.00000, 3.04761, -2.24981, 0.91335
0.06981, 4.45059, 0.08727, 3.04647, -2.25272, 0.90483
0.06981, 4.45059, 0.78540, 2.86262, -2.28270, 0.32115
0.06981, 4.45059, 1.48353, 0.29821, -2.28850, 0.30249
0.06981, 4.45059, 1.57080, 0.28837, -2.28643, 0.31176
0.06981, 4.71239, 0.00000, 3.06452, -1.77079, 0.91496
0.06981, 4.71239, 0.08727, 3.06362, -1.77879, 0.90628
0.06981, 4.71239, 0.78540, 2.90327, -2.00060, 0.32304
0.06981, 4.71239, 1.48353, 0.28863, -2.15328, 0.29205
0.06981, 4.71239, 1.57080, 0.27935, -2.15245, 0.30120
0.06981, 4.97419, 0.00000, 3.06288, -1.19190, 0.91307
0.06981, 4.97419, 0.08727, 3.06241, -1.20301, 0.90424
0.06981, 4.97419, 0.78540, 2.93338, -1.64477, 0.32467
0.06981, 4.97419, 1.48353, 0.26975, -2.01366, 0.27837
0.06981, 4.97419, 1.57080, 0.26120, -2.01422, 0.28728
0.06981, 5.23599, 0.00000, 3.04439, -0.74627, 0.90825
0.06981, 5.23599, 0.08727, 3.04428, -0.75493, 0.89932
0.06981, 5.23599, 0.78540, 2.94602, -1.23967, 0.32622
0.06981, 5.23599, 1.48353, 0.24044, -1.86237, 0.26288
0.06981, 5.23599, 1.57080, 0.23279, -1.86483, 0.27155
0.06981, 5.49779, 0.00000, 3.02028, -0.46459, 0.90190
0.06981, 5.49779, 0.08727, 3.02030, -0.46995, 0.89297
0.06981, 5.49779, 0.78540, 2.94158, -0.84900, 0.32787
0.06981, 5.49779, 1.48353, 0.19980, -1.68786, 0.24752
0.06981, 5.49779, 1.57080, 0.19327, -1.69390, 0.25599
0.06981, 5.75959, 0.00000, 2.99873, -0.27487, 0.89580
0.06981, 5.75959, 0.08727, 2.99871, -0.27773, 0.88695
0.06981, 5.75959, 0.78540, 2.92790, -0.51688, 0.32966
0.06981, 5.75959, 1.48353, 0.14811, -1.45950, 0.23443
0.06981, 5.75959, 1.57080, 0.14279, -1.47358, 0.24276
0.06981, 6.02139, 0.00000, 2.98427, -0.12875, 0.89151
0.06981, 6.02139, 0.08727, 2.98409, -0.12989, 0.88283
0.06981, 6.02139, 0.78540, 2.91403, -0.24143, 0.33140
0.06981, 6.02139, 1.48353, 0.09040, -1.05878, 0.22557
0.06981, 6.02139, 1.57080, 0.08569, -1.09068, 0.23386
0.06981, 6.28319, 0.00000, 2.97926, 0.00000, 0.89011
0.06981, 6.28319, 0.08727, 2.97885, 0.00000, 0.88159
0.06981, 6.28319, 0.78540, 2.90625, 0.00000, 0.33272
0.06981, 6.28319, 1.48353, 0.05504, 0.00000, 0.22241
0.06981, 6.28319, 1.57080, 0.04875, 0.00000, 0.23071
0.06981, 6.30064, 0.00000, 2.97926, 0.00000, 0.89011
0.06981, 6.30064, 0.08727, 2.97885, 0.00000, 0.88159
0.06981, 6.30064, 0.78540, 2.90625, 0.00000, 0.33272
0.06981, 6.30064, 1.48353, 0.05504, 0.00000, 0.22241
0.06981, 6.30064, 1.57080, 0.04875, 0.00000, 0.23071
0.08727, 0.00000, 0.00000, 2.93099, 0.00000, 0.87115
0.08727, 0.00000, 0.08727, 2.93039, 0.00000, 0.86294
0.08727, 0.00000, 0.78540, 2.82702, 0.00000, 0.33616
0.08727, 0.00000, 1.48353, 0.13127, 0.00000, 0.20513
0.08727, 0.00000, 1.57080, 0.12091, 0.00000, 0.21294
0.08727, 0.26180, 0.00000, 2.93784, 0.12665, 0.87373
0.08727, 0.26180, 0.08727, 2.93690, 0.12723, 0.86574
0.08727, 0.26180, 0.78540, 2.82836, 0.21552, 0.33720
0.08727, 0.26180, 1.48353, 0.15876, 0.72524, 0.20936
0.08727, 0.26180, 1.57080, 0.14769, 0.75632, 0.21730
0.08727, 0.52360, 0.00000, 2.95700, 0.26961, 0.88046
0.08727, 0.52360, 0.08727, 2.95584, 0.27033, 0.87248
0.08727, 0.52360, 0.78540, 2.84204, 0.44728, 0.33639
0.08727, 0.52360, 1.48353, 0.20997, 1.17612, 0.22139
0.08727, 0.52360, 1.57080, 0.19958, 1.21001, 0.22952
0.08727, 0.78540, 0.00000, 2.98527, 0.45370, 0.88989
0.08727, 0.78540, 0.08727, 2.98408, 0.45427, 0.88170
0.08727, 0.78540, 0.78540, 2.86362, 0.72507, 0.33355
0.08727, 0.78540, 1.48353, 0.25742, 1.47130, 0.23912
0.08727, 0.78540, 1.57080, 0.24790, 1.49786, 0.24743
0.08727, 1.04720, 0.00000, 3.01691, 0.72530, 0.89971
0.08727, 1.04720, 0.08727, 3.01582, 0.72555, 0.89109
0.08727, 1.04720, 0.78540, 2.88206, 1.07540, 0.32902
0.08727, 1.04720, 1.48353, 0.29357, 1.69668, 0.25974
0.08727, 1.04720, 1.57080, 0.28480, 1.71476, 0.26815
0.08727, 1.30900, 0.00000, 3.04189, 1.15721, 0.90720
0.08727, 1.30900, 0.08727, 3.04092, 1.15663, 0.89806
0.08727, 1.30900, 0.78540, 2.88194, 1.48518, 0.32351
0.08727, 1.30900, 1.48353, 0.31829, 1.88474, 0.28030
0.08727, 1.30900, 1.57080, 0.31003, 1.89567, 0.28865
0.08727, 1.57080, 0.00000, 3.04617, 1.73370, 0.91009
0.08727, 1.57080, 0.08727, 3.04524, 1.73158, 0.90048
0.08727, 1.57080, 0.78540, 2.85518, 1.87927, 0.31782
0.08727, 1.57080, 1.48353, 0.33268, 2.04904, 0.29797
0.08727, 1.57080, 1.57080, 0.32472, 2.05486, 0.30615
0.08727, 1.83260, 0.00000, 3.02661, 2.22417, 0.90749
0.08727, 1.83260, 0.08727, 3.02565, 2.22119, 0.89756
0.08727, 1.83260, 0.78540, 2.80972, 2.19723, 0.31262
0.08727, 1.83260, 1.48353, 0.33765, 2.19916, 0.31052
0.08727, 1.83260, 1.57080, 0.32985, 2.20175, 0.31850
0.08727, 2.09440, 0.00000, 2.99578, 2.53817, 0.90023
0.08727, 2.09440, 0.08727, 2.99476, 2.53538, 0.89018
0.08727, 2.09440, 0.78540, 2.76013, 2.44221, 0.30840
0.08727, 2.09440, 1.48353, 0.33416, 2.34615, 0.31697
0.08727, 2.09440, 1.57080, 0.32639, 2.34680, 0.32480
0.08727, 2.35619, 0.00000, 2.96465, 2.74353, 0.89051
0.08727, 2.35619, 0.08727, 2.96357, 2.74142, 0.88058
0.08727, 2.35619, 0.78540, 2.71707, 2.64148, 0.30553
0.08727, 2.35619, 1.48353, 0.32401, 2.50367, 0.31789
0.08727, 2.35619, 1.57080, 0.31605, 2.50305, 0.32565
0.08727, 2.61799, 0.00000, 2.93912, 2.89585, 0.88109
0.08727, 2.61799, 0.08727, 2.93796, 2.89452, 0.87146
0.08727, 2.61799, 0.78540, 2.68536, 2.81728, 0.30426
0.08727, 2.61799, 1.48353, 0.31053, 2.68600, 0.31534
0.08727, 2.61799, 1.57080, 0.30207, 2.68455, 0.32315
0.08727, 2.87979, 0.00000, 2.92251, 3.02355, 0.87434
0.08727, 2.87979, 0.08727, 2.92125, 3.02298, 0.86513
0.08727, 2.87979, 0.78540, 2.66604, 2.98211, 0.30468
0.08727, 2.87979, 1.48353, 0.29897, 2.90138, 0.31213
0.08727, 2.87979, 1.57080, 0.28963, 2.89995, 0.32007
0.08727, 3.14159, 0.00000, 2.91669, 3.14159, 0.87176
0.08727, 3.14159, 0.08727, 2.91530, 3.14159, 0.86301
0.08727, 3.14159, 0.78540, 2.65905, 3.14159, 0.30655
0.08727, 3.14159, 1.48353, 0.29501, 3.14159, 0.31058
0.08727, 3.14159, 1.57080, 0.28460, 3.14159, 0.31874
0.08727, 3.40339, 0.00000, 2.92232, -3.02353, 0.87386
0.08727, 3.40339, 0.08727, 2.92082, -3.02320, 0.86553
0.08727, 3.40339, 0.78540, 2.66466, -2.98442, 0.30944
0.08727, 3.40339, 1.48353, 0.30104, -2.90243, 0.31163
0.08727, 3.40339, 1.57080, 0.28967, -2.89999, 0.32009
0.08727, 3.66519, 0.00000, 2.93880, -2.89574, 0.88020
0.08727, 3.66519, 0.08727, 2.93724, -2.89531, 0.87213
0.08727, 3.66519, 0.78540, 2.68363, -2.82539, 0.31280
0.08727, 3.66519, 1.48353, 0.31403, -2.68908, 0.31442
0.08727, 3.66519, 1.57080, 0.30212, -2.68469, 0.32318
0.08727, 3.92699, 0.00000, 2.96427, -2.74327, 0.88926
0.08727, 3.92699, 0.08727, 2.96275, -2.74303, 0.88130
0.08727, 3.92699, 0.78540, 2.71602, -2.65643, 0.31618
0.08727, 3.92699, 1.48353, 0.32812, -2.50821, 0.31662
0.08727, 3.92699, 1.57080, 0.31612, -2.50329, 0.32568
0.08727, 4.18879, 0.00000, 2.99543, -2.53754, 0.89871
0.08727, 4.18879, 0.08727, 2.99398, -2.53798, 0.89068
0.08727, 4.18879, 0.78540, 2.75954, -2.46392, 0.31920
0.08727, 4.18879, 1.48353, 0.33820, -2.35130, 0.31557
0.08727, 4.18879, 1.57080, 0.32646, -2.34712, 0.32482
0.08727, 4.45059, 0.00000, 3.02631, -2.22288, 0.90581
0.08727, 4.45059, 0.08727, 3.02497, -2.22547, 0.89758
0.08727, 4.45059, 0.78540, 2.80846, -2.22817, 0.32170
0.08727, 4.45059, 1.48353, 0.34117, -2.20491, 0.30927
0.08727, 4.45059, 1.57080, 0.32990, -2.20208, 0.31851
0.08727, 4.71239, 0.00000, 3.04585, -1.73154, 0.90833
0.08727, 4.71239, 0.08727, 3.04477, -1.73900, 0.89983
0.08727, 4.71239, 0.78540, 2.85334, -1.92759, 0.32364
0.08727, 4.71239, 1.48353, 0.33546, -2.05659, 0.29709
0.08727, 4.71239, 1.57080, 0.32475, -2.05513, 0.30613
0.08727, 4.97419, 0.00000, 3.04144, -1.15521, 0.90545
0.08727, 4.97419, 0.08727, 3.04086, -1.16577, 0.89672
0.08727, 4.97419, 0.78540, 2.88287, -1.55720, 0.32522
0.08727, 4.97419, 1.48353, 0.32012, -1.89620, 0.27992
0.08727, 4.97419, 1.57080, 0.31004, -1.89580, 0.28862
0.08727, 5.23599, 0.00000, 3.01634, -0.72418, 0.89810
0.08727, 5.23599, 0.08727, 3.01619, -0.73262, 0.88919
0.08727, 5.23599, 0.78540, 2.88992, -1.15592, 0.32681
0.08727, 5.23599, 1.48353, 0.29416, -1.71404, 0.25978
0.08727, 5.23599, 1.57080, 0.28483, -1.71468, 0.26810
0.08727, 5.49779, 0.00000, 2.98466, -0.45317, 0.88852
0.08727, 5.49779, 0.08727, 2.98469, -0.45849, 0.87960
0.08727, 5.49779, 0.78540, 2.87774, -0.78688, 0.32875
0.08727, 5.49779, 1.48353, 0.25642, -1.49468, 0.23937
0.08727, 5.49779, 1.57080, 0.24795, -1.49758, 0.24738
0.08727, 5.75959, 0.00000, 2.95648, -0.26941, 0.87946
0.08727, 5.75959, 0.08727, 2.95646, -0.27227, 0.87069
0.08727, 5.75959, 0.78540, 2.85696, -0.47930, 0.33120
0.08727, 5.75959, 1.48353, 0.20741, -1.20119, 0.22165
0.08727, 5.75959, 1.57080, 0.19964, -1.20962, 0.22948
0.08727, 6.02139, 0.00000, 2.93755, -0.12661, 0.87320
0.08727, 6.02139, 0.08727, 2.93729, -0.12772, 0.86470
0.08727, 6.02139, 0.78540, 2.83777, -0.22408, 0.33389
0.08727, 6.02139, 1.48353, 0.15595, -0.74003, 0.20951
0.08727, 6.02139, 1.57080, 0.14775, -0.75606, 0.21728
0.08727, 6.28319, 0.00000, 2.93099, 0.00000, 0.87115
0.08727, 6.28319, 0.08727, 2.93039, 0.00000, 0.86294
0.08727, 6.28319, 0.78540, 2.82702, 0.00000, 0.33616
0.08727, 6.28319, 1.48353, 0.13127, 0.00000, 0.20513
0.08727, 6.28319, 1.57080, 0.12091, 0.00000, 0.21294
0.08727, 6.30064, 0.00000, 2.93099, 0.00000, 0.87115
0.08727, 6.30064, 0.08727, 2.93039, 0.00000, 0.86294
0.08727, 6.30064, 0.78540, 2.82702, 0.00000, 0.33616
0.08727, 6.30064, 1.48353, 0.13127, 0.00000, 0.20513
0.08727, 6.30064, 1.57080, 0.12091, 0.00000, 0.21294
0.13090, 0.00000, 0.00000, 2.79899, 0.00000, 0.81556
0.13090, 0.00000, 0.08727, 2.79797, 0.00000, 0.80831
0.13090, 0.00000, 0.78540, 2.64186, 0.00000, 0.34711
0.13090, 0.00000, 1.48353, 0.37819, 0.00000, 0.16050
0.13090, 0.00000, 1.57080, 0.35379, 0.00000, 0.16641
0.13090, 0.26180, 0.00000, 2.81088, 0.12570, 0.81961
0.13090, 0.26180, 0.08727, 2.80908, 0.12602, 0.81308
0.13090, 0.26180, 0.78540, 2.64063, 0.19600, 0.35073
0.13090, 0.26180, 1.48353, 0.39876, 0.50554, 0.16857
0.13090, 0.26180, 1.57080, 0.37062, 0.52430, 0.17456
0.13090, 0.52360, 0.00000, 2.84377, 0.26535, 0.83078
0.13090, 0.52360, 0.08727, 2.84147, 0.26530, 0.82449
0.13090, 0.52360, 0.78540, 2.65910, 0.40094, 0.35010
0.13090, 0.52360, 1.48353, 0.42628, 0.90417, 0.19036
0.13090, 0.52360, 1.57080, 0.40081, 0.93413, 0.19684
0.13090, 0.78540, 0.00000, 2.89165, 0.44135, 0.84779
0.13090, 0.78540, 0.08727, 2.88932, 0.44049, 0.84112
0.13090, 0.78540, 0.78540, 2.69458, 0.64402, 0.34491
0.13090, 0.78540, 1.48353, 0.44170, 1.21688, 0.22104
0.13090, 0.78540, 1.57080, 0.42169, 1.24552, 0.22821
0.13090, 1.04720, 0.00000, 2.94473, 0.69780, 0.86690
0.13090, 1.04720, 0.08727, 2.94275, 0.69601, 0.85937
0.13090, 1.04720, 0.78540, 2.73360, 0.96063, 0.33628
0.13090, 1.04720, 1.48353, 0.44677, 1.48036, 0.25539
0.13090, 1.04720, 1.57080, 0.43174, 1.50118, 0.26308
0.13090, 1.30900, 0.00000, 2.98772, 1.10921, 0.88228
0.13090, 1.30900, 0.08727, 2.98617, 1.10682, 0.87364
0.13090, 1.30900, 0.78540, 2.75045, 1.36014, 0.32616
0.13090, 1.30900, 1.48353, 0.44726, 1.70830, 0.28834
0.13090, 1.30900, 1.57080, 0.43562, 1.72041, 0.29613
0.13090, 1.57080, 0.00000, 2.99932, 1.68073, 0.88835
0.13090, 1.57080, 0.08727, 2.99793, 1.67761, 0.87871
0.13090, 1.57080, 0.78540, 2.72487, 1.77256, 0.31647
0.13090, 1.57080, 1.48353, 0.44457, 1.90221, 0.31485
0.13090, 1.57080, 1.57080, 0.43497, 1.90798, 0.32237
0.13090, 1.83260, 0.00000, 2.97296, 2.18520, 0.88273
0.13090, 1.83260, 0.08727, 2.97152, 2.18126, 0.87244
0.13090, 1.83260, 0.78540, 2.66690, 2.11041, 0.30830
0.13090, 1.83260, 1.48353, 0.43692, 2.06614, 0.33044
0.13090, 1.83260, 1.57080, 0.42852, 2.06861, 0.33756
0.13090, 2.09440, 0.00000, 2.92746, 2.50886, 0.86757
0.13090, 2.09440, 0.08727, 2.92604, 2.50490, 0.85707
0.13090, 2.09440, 0.78540, 2.60395, 2.36643, 0.30204
0.13090, 2.09440, 1.48353, 0.42213, 2.21302, 0.33285
0.13090, 2.09440, 1.57080, 0.41439, 2.21419, 0.33968
0.13090, 2.35619, 0.00000, 2.88003, 2.71976, 0.84834
0.13090, 2.35619, 0.08727, 2.87870, 2.71658, 0.83805
0.13090, 2.35619, 0.78540, 2.55458, 2.57583, 0.29814
0.13090, 2.35619, 1.48353, 0.39917, 2.36544, 0.32369
0.13090, 2.35619, 1.57080, 0.39149, 2.36579, 0.33042
0.13090, 2.61799, 0.00000, 2.84011, 2.87812, 0.83096
0.13090, 2.61799, 0.08727, 2.83881, 2.87613, 0.82124
0.13090, 2.61799, 0.78540, 2.52288, 2.76815, 0.29714
0.13090, 2.61799, 1.48353, 0.36969, 2.55533, 0.30857
0.13090, 2.61799, 1.57080, 0.36123, 2.55423, 0.31534
0.13090, 2.87979, 0.00000, 2.81353, 3.01396, 0.81939
0.13090, 2.87979, 0.08727, 2.81208, 3.01314, 0.81048
0.13090, 2.87979, 0.78540, 2.50497, 2.95646, 0.29916
0.13090, 2.87979, 1.48353, 0.34190, 2.81514, 0.29506
0.13090, 2.87979, 1.57080, 0.33154, 2.81280, 0.30194
0.13090, 3.14159, 0.00000, 2.80405, 3.14159, 0.81520
0.13090, 3.14159, 0.08727, 2.80228, 3.14159, 0.80721
0.13090, 3.14159, 0.78540, 2.49715, 3.14159, 0.30345
0.13090, 3.14159, 1.48353, 0.33146, 3.14159, 0.28955
0.13090, 3.14159, 1.57080, 0.31835, 3.14159, 0.29665
0.13090, 3.40339, 0.00000, 2.81304, -3.01393, 0.81870
0.13090, 3.40339, 0.08727, 2.81095, -3.01361, 0.81151
0.13090, 3.40339, 0.78540, 2.50019, -2.96206, 0.30871
0.13090, 3.40339, 1.48353, 0.34697, -2.81868, 0.29453
0.13090, 3.40339, 1.57080, 0.33159, -2.81286, 0.30196
0.13090, 3.66519, 0.00000, 2.83927, -2.87801, 0.82965
0.13090, 3.66519, 0.08727, 2.83701, -2.87780, 0.82296
0.13090, 3.66519, 0.78540, 2.51845, -2.78632, 0.31381
0.13090, 3.66519, 1.48353, 0.37758, -2.56400, 0.30744
0.13090, 3.66519, 1.57080, 0.36132, -2.55443, 0.31536
0.13090, 3.92699, 0.00000, 2.87907, -2.71948, 0.84653
0.13090, 3.92699, 0.08727, 2.87688, -2.71963, 0.83994
0.13090, 3.92699, 0.78540, 2.55554, -2.60496, 0.31814
0.13090, 3.92699, 1.48353, 0.40762, -2.37557, 0.32194
0.13090, 3.92699, 1.57080, 0.39159, -2.36613, 0.33045
0.13090, 4.18879, 0.00000, 2.92657, -2.50823, 0.86542
0.13090, 4.18879, 0.08727, 2.92459, -2.50895, 0.85857
0.13090, 4.18879, 0.78540, 2.61008, -2.39995, 0.32147
0.13090, 4.18879, 1.48353, 0.42972, -2.22164, 0.33073
0.13090, 4.18879, 1.57080, 0.41446, -2.21460, 0.33972
0.13090, 4.45059, 0.00000, 2.97222, -2.18392, 0.88036
0.13090, 4.45059, 0.08727, 2.97042, -2.18617, 0.87301
0.13090, 4.45059, 0.78540, 2.67263, -2.14660, 0.32373
0.13090, 4.45059, 1.48353, 0.44292, -2.07328, 0.32851
0.13090, 4.45059, 1.57080, 0.42856, -2.06903, 0.33758
0.13090, 4.71239, 0.00000, 2.99858, -1.67854, 0.88586
0.13090, 4.71239, 0.08727, 2.99703, -1.68527, 0.87789
0.13090, 4.71239, 0.78540, 2.72619, -1.82427, 0.32501
0.13090, 4.71239, 1.48353, 0.44862, -1.91075, 0.31367
0.13090, 4.71239, 1.57080, 0.43500, -1.90827, 0.32233
0.13090, 4.97419, 0.00000, 2.98674, -1.10722, 0.87978
0.13090, 4.97419, 0.08727, 2.98585, -1.11765, 0.87121
0.13090, 4.97419, 0.78540, 2.75325, -1.44403, 0.32573
0.13090, 4.97419, 1.48353, 0.44869, -1.72308, 0.28811
0.13090, 4.97419, 1.57080, 0.43567, -1.72041, 0.29604
0.13090, 5.23599, 0.00000, 2.94346, -0.69665, 0.86453
0.13090, 5.23599, 0.08727, 2.94332, -0.70563, 0.85554
0.13090, 5.23599, 0.78540, 2.74838, -1.06075, 0.32683
0.13090, 5.23599, 1.48353, 0.44434, -1.50509, 0.25580
0.13090, 5.23599, 1.57080, 0.43189, -1.50083, 0.26298
0.13090, 5.49779, 0.00000, 2.89028, -0.44084, 0.84574
0.13090, 5.49779, 0.08727, 2.89057, -0.44679, 0.83664
0.13090, 5.49779, 0.78540, 2.72202, -0.72447, 0.32951
0.13090, 5.49779, 1.48353, 0.43411, -1.24982, 0.22150
0.13090, 5.49779, 1.57080, 0.42193, -1.24489, 0.22812
0.13090, 5.75959, 0.00000, 2.84258, -0.26515, 0.82928
0.13090, 5.75959, 0.08727, 2.84284, -0.26833, 0.82048
0.13090, 5.75959, 0.78540, 2.68887, -0.44429, 0.33440
0.13090, 5.75959, 1.48353, 0.41424, -0.93497, 0.19050
0.13090, 5.75959, 1.57080, 0.40112, -0.93346, 0.19678
0.13090, 6.02139, 0.00000, 2.81019, -0.12565, 0.81882
0.13090, 6.02139, 0.08727, 2.80997, -0.12682, 0.81071
0.13090, 6.02139, 0.78540, 2.65975, -0.20795, 0.34089
0.13090, 6.02139, 1.48353, 0.38810, -0.51928, 0.16849
0.13090, 6.02139, 1.57080, 0.37088, -0.52400, 0.17454
0.13090, 6.28319, 0.00000, 2.79899, 0.00000, 0.81556
0.13090, 6.28319, 0.08727, 2.79797, 0.00000, 0.80831
0.13090, 6.28319, 0.78540, 2.64186, 0.00000, 0.34711
0.13090, 6.28319, 1.48353, 0.37819, 0.00000, 0.16050
0.13090, 6.28319, 1.57080, 0.35379, 0.00000, 0.16641
0.13090, 6.30064, 0.00000, 2.79899, 0.00000, 0.81556
0.13090, 6.30064, 0.08727, 2.79797, 0.00000, 0.80831
0.13090, 6.30064, 0.78540, 2.64186, 0.00000, 0.34711
0.13090, 6.30064, 1.48353, 0.37819, 0.00000, 0.16050
0.13090, 6.30064, 1.57080, 0.35379, 0.00000, 0.16641
0.17453, 0.00000, 0.00000, 2.64515, 0.00000, 0.76439
0.17453, 0.00000, 0.08727, 2.64398, 0.00000, 0.75818
0.17453, 0.00000, 0.78540, 2.48340, 0.00000, 0.36452
0.17453, 0.00000, 1.48353, 0.77161, 0.00000, 0.11733
0.17453, 0.00000, 1.57080, 0.72602, 0.00000, 0.12004
0.17453, 0.26180, 0.00000, 2.66357, 0.12789, 0.76753
0.17453, 0.26180, 0.08727, 2.66085, 0.12800, 0.76290
0.17453, 0.26180, 0.78540, 2.47538, 0.18909, 0.37216
0.17453, 0.26180, 1.48353, 0.76772, 0.45793, 0.13068
0.17453, 0.26180, 1.57080, 0.71474, 0.47714, 0.13288
0.17453, 0.52360, 0.00000, 2.71429, 0.26748, 0.77775
0.17453, 0.52360, 0.08727, 2.71055, 0.26667, 0.77384
0.17453, 0.52360, 0.78540, 2.49137, 0.38039, 0.37122
0.17453, 0.52360, 1.48353, 0.72364, 0.81555, 0.16366
0.17453, 0.52360, 1.57080, 0.67869, 0.84864, 0.16684
0.17453, 0.78540, 0.00000, 2.78761, 0.43914, 0.79769
0.17453, 0.78540, 0.08727, 2.78380, 0.43678, 0.79327
0.17453, 0.78540, 0.78540, 2.53351, 0.60360, 0.36161
0.17453, 0.78540, 1.48353, 0.66151, 1.10550, 0.20803
0.17453, 0.78540, 1.57080, 0.62916, 1.13853, 0.21303
0.17453, 1.04720, 0.00000, 2.86756, 0.68592, 0.82459
0.17453, 1.04720, 0.08727, 2.86450, 0.68215, 0.81865
0.17453, 1.04720, 0.78540, 2.58853, 0.90028, 0.34619
0.17453, 1.04720, 1.48353, 0.60599, 1.36916, 0.25627
0.17453, 1.04720, 1.57080, 0.58452, 1.39335, 0.26283
0.17453, 1.30900, 0.00000, 2.93191, 1.08532, 0.84863
0.17453, 1.30900, 0.08727, 2.92979, 1.08127, 0.84077
0.17453, 1.30900, 0.78540, 2.62035, 1.29443, 0.32939
0.17453, 1.30900, 1.48353, 0.56718, 1.61298, 0.30146
0.17453, 1.30900, 1.57080, 0.55294, 1.62627, 0.30861
0.17453, 1.57080, 0.00000, 2.95188, 1.65412, 0.85852
0.17453, 1.57080, 0.08727, 2.95001, 1.65044, 0.84897
0.17453, 1.57080, 0.78540, 2.59330, 1.71739, 0.31503
0.17453, 1.57080, 1.48353, 0.54226, 1.82228, 0.33613
0.17453, 1.57080, 1.57080, 0.53211, 1.82791, 0.34296
0.17453, 1.83260, 0.00000, 2.91795, 2.16342, 0.84924
0.17453, 1.83260, 0.08727, 2.91596, 2.15864, 0.83864
0.17453, 1.83260, 0.78540, 2.52119, 2.05922, 0.30433
0.17453, 1.83260, 1.48353, 0.52306, 1.98855, 0.35241
0.17453, 1.83260, 1.57080, 0.51521, 1.99126, 0.35867
0.17453, 2.09440, 0.00000, 2.85556, 2.48770, 0.82529
0.17453, 2.09440, 0.08727, 2.85377, 2.48234, 0.81434
0.17453, 2.09440, 0.78540, 2.44958, 2.30985, 0.29683
0.17453, 2.09440, 1.48353, 0.50269, 2.12158, 0.34567
0.17453, 2.09440, 1.57080, 0.49615, 2.12453, 0.35158
0.17453, 2.35619, 0.00000, 2.78797, 2.69899, 0.79768
0.17453, 2.35619, 0.08727, 2.78664, 2.69451, 0.78699
0.17453, 2.35619, 0.78540, 2.40510, 2.51748, 0.29290
0.17453, 2.35619, 1.48353, 0.47555, 2.24888, 0.31895
0.17453, 2.35619, 1.57080, 0.46931, 2.25245, 0.32480
0.17453, 2.61799, 0.00000, 2.72887, 2.86129, 0.77638
0.17453, 2.61799, 0.08727, 2.72783, 2.85851, 0.76650
0.17453, 2.61799, 0.78540, 2.38588, 2.72109, 0.29395
0.17453, 2.61799, 1.48353, 0.43618, 2.41889, 0.28332
0.17453, 2.61799, 1.57080, 0.42871, 2.42072, 0.28915
0.17453, 2.87979, 0.00000, 2.68855, 3.00463, 0.76484
0.17453, 2.87979, 0.08727, 2.68729, 3.00355, 0.75622
0.17453, 2.87979, 0.78540, 2.37676, 2.93199, 0.30000
0.17453, 2.87979, 1.48353, 0.38890, 2.70526, 0.25341
0.17453, 2.87979, 1.57080, 0.37769, 2.70251, 0.25919
0.17453, 3.14159, 0.00000, 2.67396, 3.14159, 0.76122
0.17453, 3.14159, 0.08727, 2.67200, 3.14159, 0.75413
0.17453, 3.14159, 0.78540, 2.36808, 3.14159, 0.30865
0.17453, 3.14159, 1.48353, 0.36750, 3.14159, 0.24178
0.17453, 3.14159, 1.57080, 0.34994, 3.14159, 0.24748
0.17453, 3.40339, 0.00000, 2.68760, -3.00460, 0.76398
0.17453, 3.40339, 0.08727, 2.68486, -3.00437, 0.75827
0.17453, 3.40339, 0.78540, 2.36285, -2.94324, 0.31668
0.17453, 3.40339, 1.48353, 0.39974, -2.71557, 0.25334
0.17453, 3.40339, 1.57080, 0.37772, -2.70253, 0.25918
0.17453, 3.66519, 0.00000, 2.72723, -2.86115, 0.77474
0.17453, 3.66519, 0.08727, 2.72406, -2.86141, 0.76987
0.17453, 3.66519, 0.78540, 2.37186, -2.75631, 0.32214
0.17453, 3.66519, 1.48353, 0.45113, -2.43935, 0.28274
0.17453, 3.66519, 1.57080, 0.42878, -2.42087, 0.28916
0.17453, 3.92699, 0.00000, 2.78609, -2.69869, 0.79541
0.17453, 3.92699, 0.08727, 2.78305, -2.69968, 0.79061
0.17453, 3.92699, 0.78540, 2.40556, -2.56967, 0.32504
0.17453, 3.92699, 1.48353, 0.49007, -2.26859, 0.31741
0.17453, 3.92699, 1.57080, 0.46941, -2.25278, 0.32482
0.17453, 4.18879, 0.00000, 2.85387, -2.48709, 0.82263
0.17453, 4.18879, 0.08727, 2.85132, -2.48859, 0.81726
0.17453, 4.18879, 0.78540, 2.46563, -2.36125, 0.32631
0.17453, 4.18879, 1.48353, 0.51485, -2.13527, 0.34323
0.17453, 4.18879, 1.57080, 0.49623, -2.12498, 0.35163
0.17453, 4.45059, 0.00000, 2.91659, -2.16216, 0.84635
0.17453, 4.45059, 0.08727, 2.91438, -2.16453, 0.84006
0.17453, 4.45059, 0.78540, 2.53889, -2.10153, 0.32662
0.17453, 4.45059, 1.48353, 0.53204, -1.99705, 0.34994
0.17453, 4.45059, 1.57080, 0.51526, -1.99172, 0.35869
0.17453, 4.71239, 0.00000, 2.95059, -1.65193, 0.85550
0.17453, 4.71239, 0.08727, 2.94857, -1.65831, 0.84811
0.17453, 4.71239, 0.78540, 2.59912, -1.77082, 0.32605
0.17453, 4.71239, 1.48353, 0.54753, -1.83121, 0.33473
0.17453, 4.71239, 1.57080, 0.53216, -1.82815, 0.34291
0.17453, 4.97419, 0.00000, 2.93022, -1.08326, 0.84552
0.17453, 4.97419, 0.08727, 2.92900, -1.09438, 0.83706
0.17453, 4.97419, 0.78540, 2.62274, -1.39287, 0.32500
0.17453, 4.97419, 1.48353, 0.56730, -1.63091, 0.30146
0.17453, 4.97419, 1.57080, 0.55308, -1.62612, 0.30848
0.17453, 5.23599, 0.00000, 2.86530, -0.68477, 0.82156
0.17453, 5.23599, 0.08727, 2.86534, -0.69514, 0.81223
0.17453, 5.23599, 0.78540, 2.60931, -1.02810, 0.32507
0.17453, 5.23599, 1.48353, 0.59786, -1.40218, 0.25673
0.17453, 5.23599, 1.57080, 0.58490, -1.39271, 0.26269
0.17453, 5.49779, 0.00000, 2.78507, -0.43863, 0.79505
0.17453, 5.49779, 0.08727, 2.78606, -0.44567, 0.78535
0.17453, 5.49779, 0.78540, 2.57689, -0.71121, 0.32891
0.17453, 5.49779, 1.48353, 0.64223, -1.15029, 0.20763
0.17453, 5.49779, 1.57080, 0.62981, -1.13751, 0.21292
0.17453, 5.75959, 0.00000, 2.71203, -0.26728, 0.77583
0.17453, 5.75959, 0.08727, 2.71314, -0.27101, 0.76656
0.17453, 5.75959, 0.78540, 2.54067, -0.44022, 0.33818
0.17453, 5.75959, 1.48353, 0.69502, -0.85701, 0.16200
0.17453, 5.75959, 1.57080, 0.67952, -0.84766, 0.16681
0.17453, 6.02139, 0.00000, 2.66224, -0.12785, 0.76651
0.17453, 6.02139, 0.08727, 2.66252, -0.12913, 0.75851
0.17453, 6.02139, 0.78540, 2.50767, -0.20585, 0.35152
0.17453, 6.02139, 1.48353, 0.74258, -0.47625, 0.12893
0.17453, 6.02139, 1.57080, 0.71547, -0.47669, 0.13289
0.17453, 6.28319, 0.00000, 2.64515, 0.00000, 0.76439
0.17453, 6.28319, 0.08727, 2.64398, 0.00000, 0.75818
0.17453, 6.28319, 0.78540, 2.48340, 0.00000, 0.36452
0.17453, 6.28319, 1.48353, 0.77161, 0.00000, 0.11733
0.17453, 6.28319, 1.57080, 0.72602, 0.00000, 0.12004
0.17453, 6.30064, 0.00000, 2.64515, 0.00000, 0.76439
0.17453, 6.30064, 0.08727, 2.64398, 0.00000, 0.75818
0.17453, 6.30064, 0.78540, 2.48340, 0.00000, 0.36452
0.17453, 6.30064, 1.48353, 0.77161, 0.00000, 0.11733
0.17453, 6.30064, 1.57080, 0.72602, 0.00000, 0.12004
0.26180, 0.00000, 0.00000, 2.28121, 0.00000, 0.78099
0.26180, 0.00000, 0.08727, 2.28102, 0.00000, 0.77574
0.26180, 0.00000, 0.78540, 2.26210, 0.00000, 0.44273
0.26180, 0.00000, 1.48353, 2.24100, 0.00000, 0.11580
0.26180, 0.00000, 1.57080, 2.23971, 0.00000, 0.11090
0.26180, 0.26180, 0.00000, 2.30935, 0.13389, 0.76460
0.26180, 0.26180, 0.08727, 2.30588, 0.13363, 0.76470
0.26180, 0.26180, 0.78540, 2.23015, 0.18311, 0.46180
0.26180, 0.26180, 1.48353, 2.01549, 0.49681, 0.12345
0.26180, 0.26180, 1.57080, 2.01635, 0.53540, 0.11421
0.26180, 0.52360, 0.00000, 2.39369, 0.27723, 0.73011
0.26180, 0.52360, 0.08727, 2.38729, 0.27510, 0.73321
0.26180, 0.52360, 0.78540, 2.22181, 0.35907, 0.45301
0.26180, 0.52360, 1.48353, 1.56033, 0.79943, 0.14762
0.26180, 0.52360, 1.57080, 1.52232, 0.85564, 0.13856
0.26180, 0.78540, 0.00000, 2.53083, 0.44562, 0.71084
0.26180, 0.78540, 0.08727, 2.52320, 0.44038, 0.71327
0.26180, 0.78540, 0.78540, 2.25176, 0.55718, 0.42100
0.26180, 0.78540, 1.48353, 1.15272, 1.02389, 0.20061
0.26180, 0.78540, 1.57080, 1.10597, 1.07383, 0.19713
0.26180, 1.04720, 0.00000, 2.68827, 0.67856, 0.72664
0.26180, 1.04720, 0.08727, 2.68225, 0.67040, 0.72545
0.26180, 1.04720, 0.78540, 2.31833, 0.82680, 0.37762
0.26180, 1.04720, 1.48353, 0.89784, 1.25696, 0.27040
0.26180, 1.04720, 1.57080, 0.86619, 1.29094, 0.27303
0.26180, 1.30900, 0.00000, 2.81240, 1.06069, 0.76081
0.26180, 1.30900, 0.08727, 2.80904, 1.05312, 0.75518
0.26180, 1.30900, 0.78540, 2.37025, 1.21846, 0.33760
0.26180, 1.30900, 1.48353, 0.75806, 1.51024, 0.33769
0.26180, 1.30900, 1.57080, 0.74073, 1.52663, 0.34340
0.26180, 1.57080, 0.00000, 2.85417, 1.62758, 0.77820
0.26180, 1.57080, 0.08727, 2.85132, 1.62320, 0.76908
0.26180, 1.57080, 0.78540, 2.33101, 1.66139, 0.31188
0.26180, 1.57080, 1.48353, 0.68763, 1.73870, 0.38625
0.26180, 1.57080, 1.57080, 0.67864, 1.74405, 0.39197
0.26180, 1.83260, 0.00000, 2.80075, 2.13794, 0.76181
0.26180, 1.83260, 0.08727, 2.79737, 2.13124, 0.75074
0.26180, 1.83260, 0.78540, 2.22924, 1.99359, 0.29934
0.26180, 1.83260, 1.48353, 0.65635, 1.89982, 0.39767
0.26180, 1.83260, 1.57080, 0.65185, 1.90399, 0.40262
0.26180, 2.09440, 0.00000, 2.69022, 2.45425, 0.72679
0.26180, 2.09440, 0.08727, 2.68811, 2.44531, 0.71489
0.26180, 2.09440, 0.78540, 2.16405, 2.21135, 0.29301
0.26180, 2.09440, 1.48353, 0.65293, 1.99015, 0.35934
0.26180, 2.09440, 1.57080, 0.65095, 2.00022, 0.36430
0.26180, 2.35619, 0.00000, 2.55902, 2.66424, 0.70698
0.26180, 2.35619, 0.08727, 2.55922, 2.65670, 0.69471
0.26180, 2.35619, 0.78540, 2.17116, 2.40625, 0.29529
0.26180, 2.35619, 1.48353, 0.67671, 2.03770, 0.28126
0.26180, 2.35619, 1.57080, 0.67498, 2.05613, 0.28649
0.26180, 2.61799, 0.00000, 2.44253, 2.83637, 0.72025
0.26180, 2.61799, 0.08727, 2.44389, 2.83208, 0.70843
0.26180, 2.61799, 0.78540, 2.20842, 2.64020, 0.31356
0.26180, 2.61799, 1.48353, 0.71539, 2.10666, 0.19260
0.26180, 2.61799, 1.57080, 0.70954, 2.12794, 0.19747
0.26180, 2.87979, 0.00000, 2.36763, 2.99294, 0.75003
0.26180, 2.87979, 0.08727, 2.36830, 2.99150, 0.74034
0.26180, 2.87979, 0.78540, 2.22053, 2.89914, 0.34504
0.26180, 2.87979, 1.48353, 0.70933, 2.35601, 0.12109
0.26180, 2.87979, 1.57080, 0.68908, 2.35966, 0.12468
0.26180, 3.14159, 0.00000, 2.34198, 3.14159, 0.76478
0.26180, 3.14159, 0.08727, 2.34074, 3.14159, 0.75880
0.26180, 3.14159, 0.78540, 2.20058, 3.14159, 0.37471
0.26180, 3.14159, 1.48353, 0.65552, 3.14159, 0.09188
0.26180, 3.14159, 1.57080, 0.59370, 3.14159, 0.09321
0.26180, 3.40339, 0.00000, 2.36575, -2.99288, 0.74919
0.26180, 3.40339, 0.08727, 2.36223, -2.99295, 0.74707
0.26180, 3.40339, 0.78540, 2.16947, -2.92556, 0.38786
0.26180, 3.40339, 1.48353, 0.75026, -2.41895, 0.12483
0.26180, 3.40339, 1.57080, 0.68880, -2.35867, 0.12459
0.26180, 3.66519, 0.00000, 2.43888, -2.83615, 0.71855
0.26180, 3.66519, 0.08727, 2.43363, -2.83764, 0.71870
0.26180, 3.66519, 0.78540, 2.14609, -2.72617, 0.38182
0.26180, 3.66519, 1.48353, 0.75269, -2.18194, 0.19690
0.26180, 3.66519, 1.57080, 0.70951, -2.12700, 0.19736
0.26180, 3.92699, 0.00000, 2.55446, -2.66389, 0.70444
0.26180, 3.92699, 0.08727, 2.54900, -2.66735, 0.70452
0.26180, 3.92699, 0.78540, 2.15063, -2.53139, 0.36491
0.26180, 3.92699, 1.48353, 0.70703, -2.09215, 0.28359
0.26180, 3.92699, 1.57080, 0.67506, -2.05585, 0.28642
0.26180, 4.18879, 0.00000, 2.68608, -2.45368, 0.72368
0.26180, 4.18879, 0.08727, 2.68203, -2.45802, 0.72204
0.26180, 4.18879, 0.78540, 2.20055, -2.31975, 0.34743
0.26180, 4.18879, 1.48353, 0.67572, -2.01976, 0.35842
0.26180, 4.18879, 1.57080, 0.65099, -2.00053, 0.36431
0.26180, 4.45059, 0.00000, 2.79767, -2.13687, 0.75847
0.26180, 4.45059, 0.08727, 2.79481, -2.14034, 0.75465
0.26180, 4.45059, 0.78540, 2.28297, -2.05466, 0.33496
0.26180, 4.45059, 1.48353, 0.67168, -1.91204, 0.39495
0.26180, 4.45059, 1.57080, 0.65185, -1.90444, 0.40265
0.26180, 4.71239, 0.00000, 2.85151, -1.62541, 0.77471
0.26180, 4.71239, 0.08727, 2.84850, -1.63158, 0.76866
0.26180, 4.71239, 0.78540, 2.34877, -1.71721, 0.32696
0.26180, 4.71239, 1.48353, 0.69489, -1.74782, 0.38474
0.26180, 4.71239, 1.57080, 0.67869, -1.74422, 0.39186
0.26180, 4.97419, 0.00000, 2.80877, -1.05846, 0.75705
0.26180, 4.97419, 0.08727, 2.80687, -1.07223, 0.74859
0.26180, 4.97419, 0.78540, 2.36298, -1.35502, 0.32077
0.26180, 4.97419, 1.48353, 0.75322, -1.53540, 0.33774
0.26180, 4.97419, 1.57080, 0.74118, -1.52614, 0.34315
0.26180, 5.23599, 0.00000, 2.68299, -0.67732, 0.72293
0.26180, 5.23599, 0.08727, 2.68441, -0.69147, 0.71190
0.26180, 5.23599, 0.78540, 2.34755, -1.02896, 0.31849
0.26180, 5.23599, 1.48353, 0.87382, -1.31140, 0.26808
0.26180, 5.23599, 1.57080, 0.86728, -1.28962, 0.27285
0.26180, 5.49779, 0.00000, 2.52476, -0.44517, 0.70782
0.26180, 5.49779, 0.08727, 2.52897, -0.45475, 0.69474
0.26180, 5.49779, 0.78540, 2.33736, -0.73653, 0.32899
0.26180, 5.49779, 1.48353, 1.11216, -1.10454, 0.19179
0.26180, 5.49779, 1.57080, 1.10754, -1.07180, 0.19723
0.26180, 5.75959, 0.00000, 2.38868, -0.27711, 0.72815
0.26180, 5.75959, 0.08727, 2.39320, -0.28187, 0.71491
0.26180, 5.75959, 0.78540, 2.32782, -0.45989, 0.35905
0.26180, 5.75959, 1.48353, 1.54250, -0.88539, 0.13402
0.26180, 5.75959, 1.57080, 1.52312, -0.85335, 0.13887
0.26180, 6.02139, 0.00000, 2.30668, -0.13387, 0.76366
0.26180, 6.02139, 0.08727, 2.30939, -0.13533, 0.75324
0.26180, 6.02139, 0.78540, 2.30080, -0.21084, 0.40272
0.26180, 6.02139, 1.48353, 2.04581, -0.54438, 0.11384
0.26180, 6.02139, 1.57080, 2.01553, -0.53409, 0.11445
0.26180, 6.28319, 0.00000, 2.28121, 0.00000, 0.78099
0.26180, 6.28319, 0.08727, 2.28102, 0.00000, 0.77574
0.26180, 6.28319, 0.78540, 2.26210, 0.00000, 0.44273
0.26180, 6.28319, 1.48353, 2.24100, 0.00000, 0.11580
0.26180, 6.28319, 1.57080, 2.23971, 0.00000, 0.11090
0.26180, 6.30064, 0.00000, 2.28121, 0.00000, 0.78099
0.26180, 6.30064, 0.08727, 2.28102, 0.00000, 0.77574
0.26180, 6.30064, 0.78540, 2.26210, 0.00000, 0.44273
0.26180, 6.30064, 1.48353, 2.24100, 0.00000, 0.11580
0.26180, 6.30064, 1.57080, 2.23971, 0.00000, 0.11090
-0.00175, 0.00000, 0.00000, 3.12627, 3.14159, 0.92727
-0.00175, 0.00000, 0.08727, 3.12585, 3.14159, 0.91801
-0.00175, 0.00000, 0.78540, 3.04775, 3.14159, 0.32059
-0.00175, 0.00000, 1.48353, 0.16202, 3.14159, 0.28296
-0.00175, 0.00000, 1.57080, 0.15776, 3.14159, 0.29208
-0.00175, 0.26180, 0.00000, 3.12627, 3.14159, 0.92727
-0.00175, 0.26180, 0.08727, 3.12585, 3.14159, 0.91801
-0.00175, 0.26180, 0.78540, 3.04775, 3.14159, 0.32059
-0.00175, 0.26180, 1.48353, 0.16202, 3.14159, 0.28296
-0.00175, 0.26180, 1.57080, 0.15776, 3.14159, 0.29208
-0.00175, 0.52360, 0.00000, 3.12627, 3.14159, 0.92727
-0.00175, 0.52360, 0.08727, 3.12585, 3.14159, 0.91801
-0.00175, 0.52360, 0.78540, 3.04775, 3.14159, 0.32059
-0.00175, 0.52360, 1.48353, 0.16202, 3.14159, 0.28296
-0.00175, 0.52360, 1.57080, 0.15776, 3.14159, 0.29208
-0.00175, 0.78540, 0.00000, 3.12627, 3.14159, 0.92727
-0.00175, 0.78540, 0.08727, 3.12585, 3.14159, 0.91801
-0.00175, 0.78540, 0.78540, 3.04775, 3.14159, 0.32059
-0.00175, 0.78540, 1.48353, 0.16202, 3.14159, 0.28296
-0.00175, 0.78540, 1.57080, 0.15776, 3.14159, 0.29208
-0.00175, 1.04720, 0.00000, 3.12627, 3.14159, 0.92727
-0.00175, 1.04720, 0.08727, 3.12585, 3.14159, 0.91801
-0.00175, 1.04720, 0.78540, 3.04775, 3.14159, 0.32059
-0.00175, 1.04720, 1.48353, 0.16202, 3.14159, 0.28296
-0.00175, 1.04720, 1.57080, 0.15776, 3.14159, 0.29208
-0.00175, 1.30900, 0.00000, 3.12627, 3.14159, 0.92727
-0.00175, 1.30900, 0.08727, 3.12585, 3.14159, 0.91801
-0.00175, 1.30900, 0.78540, 3.04775, 3.14159, 0.32059
-0.00175, 1.30900, 1.48353, 0.16202, 3.14159, 0.28296
-0.00175, 1.30900, 1.57080, 0.15776, 3.14159, 0.29208
-0.00175, 1.57080, 0.00000, 3.12627, 3.14159, 0.92727
-0.00175, 1.57080, 0.08727, 3.12585, 3.14159, 0.91801
-0.00175, 1.57080, 0.78540, 3.04775, 3.14159, 0.32059
-0.00175, 1.57080, 1.48353, 0.16202, 3.14159, 0.28296
-0.00175, 1.57080, 1.57080, 0.15776, 3.14159, 0.29208
-0.00175, 1.83260, 0.00000, 3.12627, 3.14159, 0.92727
-0.00175, 1.83260, 0.08727, 3.12585, 3.14159, 0.91801
-0.00175, 1.83260, 0.78540, 3.04775, 3.14159, 0.32059
-0.00175, 1.83260, 1.48353, 0.16202, 3.14159, 0.28296
-0.00175, 1.83260, 1.57080, 0.15776, 3.14159, 0.29208
-0.00175, 2.09440, 0.00000, 3.12627, 3.14159, 0.92727
-0.00175, 2.09440, 0.08727, 3.12585, 3.14159, 0.91801
-0.00175, 2.09440, 0.78540, 3.04775, 3.14159, 0.32059
-0.00175, 2.09440, 1.48353, 0.16202, 3.14159, 0.28296
-0.00175, 2.09440, 1.57080, 0.15776, 3.14159, 0.29208
-0.00175, 2.35619, 0.00000, 3.12627, 3.14159, 0.92727
-0.00175, 2.35619, 0.08727, 3.12585, 3.14159, 0.91801
-0.00175, 2.35619, 0.78540, 3.04775, 3.14159, 0.32059
-0.00175, 2.35619, 1.48353, 0.16202, 3.14159, 0.28296
-0.00175, 2.35619, 1.57080, 0.15776, 3.14159, 0.29208
-0.00175, 2.61799, 0.00000, 3.12627, 3.14159, 0.92727
-0.00175, 2.61799, 0.08727, 3.12585, 3.14159, 0.91801
-0.00175, 2.61799, 0.78540, 3.04775, 3.14159, 0.32059
-0.00175, 2.61799, 1.48353, 0.16202, 3.14159, 0.28296
-0.00175, 2.61799, 1.57080, 0.15776, 3.14159, 0.29208
-0.00175, 2.87979, 0.00000, 3.12627, 3.14159, 0.92727
-0.00175, 2.87979, 0.08727, 3.12585, 3.14159, 0.91801
-0.00175, 2.87979, 0.78540, 3.04775, 3.14159, 0.32059
-0.00175, 2.87979, 1.48353, 0.16202, 3.14159, 0.28296
-0.00175, 2.87979, 1.57080, 0.15776, 3.14159, 0.29208
-0.00175, 3.14159, 0.00000, 3.12627, 3.14159, 0.92727
-0.00175, 3.14159, 0.08727, 3.12585, 3.14159, 0.91801
-0.00175, 3.14159, 0.78540, 3.04775, 3.14159, 0.32059
-0.00175, 3.14159, 1.48353, 0.16202, 3.14159, 0.28296
-0.00175, 3.14159, 1.57080, 0.15776, 3.14159, 0.29208
-0.00175, 3.40339, 0.00000, 3.12627, 3.14159, 0.92727
-0.00175, 3.40339, 0.08727, 3.12585, 3.14159, 0.91801
-0.00175, 3.40339, 0.78540, 3.04775, 3.14159, 0.32059
-0.00175, 3.40339, 1.48353, 0.16202, 3.14159, 0.28296
-0.00175, 3.40339, 1.57080, 0.15776, 3.14159, 0.29208
-0.00175, 3.66519, 0.00000, 3.12627, 3.14159, 0.92727
-0.00175, 3.66519, 0.08727, 3.12585, 3.14159, 0.91801
-0.00175, 3.66519, 0.78540, 3.04775, 3.14159, 0.32059
-0.00175, 3.66519, 1.48353, 0.16202, 3.14159, 0.28296
-0.00175, 3.66519, 1.57080, 0.15776, 3.14159, 0.29208
-0.00175, 3.92699, 0.00000, 3.12627, 3.14159, 0.92727
-0.00175, 3.92699, 0.08727, 3.12585, 3.14159, 0.91801
-0.00175, 3.92699, 0.78540, 3.04775, 3.14159, 0.32059
-0.00175, 3.92699, 1.48353, 0.16202, 3.14159, 0.28296
-0.00175, 3.92699, 1.57080, 0.15776, 3.14159, 0.29208
-0.00175, 4.18879, 0.00000, 3.12627, 3.14159, 0.92727
-0.00175, 4.18879, 0.08727, 3.12585, 3.14159, 0.91801
-0.00175, 4.18879, 0.78540, 3.04775, 3.14159, 0.32059
-0.00175, 4.18879, 1.48353, 0.16202, 3.14159, 0.28296
-0.00175, 4.18879, 1.57080, 0.15776, 3.14159, 0.29208
-0.00175, 4.45059, 0.00000, 3.12627, 3.14159, 0.92727
-0.00175, 4.45059, 0.08727, 3.12585, 3.14159, 0.91801
-0.00175, 4.45059, 0.78540, 3.04775, 3.14159, 0.32059
-0.00175, 4.45059, 1.48353, 0.16202, 3.14159, 0.28296
-0.00175, 4.45059, 1.57080, 0.15776, 3.14159, 0.29208
-0.00175, 4.71239, 0.00000, 3.12627, 3.14159, 0.92727
-0.00175, 4.71239, 0.08727, 3.12585, 3.14159, 0.91801
-0.00175, 4.71239, 0.78540, 3.04775, 3.14159, 0.32059
-0.00175, 4.71239, 1.48353, 0.16202, 3.14159, 0.28296
-0.00175, 4.71239, 1.57080, 0.15776, 3.14159, 0.29208
-0.00175, 4.97419, 0.00000, 3.12627, 3.14159, 0.92727
-0.00175, 4.97419, 0.08727, 3.12585, 3.14159, 0.91801
-0.00175, 4.97419, 0.78540, 3.04775, 3.14159, 0.32059
-0.00175, 4.97419, 1.48353, 0.16202, 3.14159, 0.28296
-0.00175, 4.97419, 1.57080, 0.15776, 3.14159, 0.29208
-0.00175, 5.23599, 0.00000, 3.12627, 3.14159, 0.92727
-0.00175, 5.23599, 0.08727, 3.12585, 3.14159, 0.91801
-0.00175, 5.23599, 0.78540, 3.04775, 3.14159, 0.32059
-0.00175, 5.23599, 1.48353, 0.16202, 3.14159, 0.28296
-0.00175, 5.23599, 1.57080, 0.15776, 3.14159, 0.29208
-0.00175, 5.49779, 0.00000, 3.12627, 3.14159, 0.92727
-0.00175, 5.49779, 0.08727, 3.12585, 3.14159, 0.91801
-0.00175, 5.49779, 0.78540, 3.04775, 3.14159, 0.32059
-0.00175, 5.49779, 1.48353, 0.16202, 3.14159, 0.28296
-0.00175, 5.49779, 1.57080, 0.15776, 3.14159, 0.29208
-0.00175, 5.75959, 0.00000, 3.12627, 3.14159, 0.92727
-0.00175, 5.75959, 0.08727, 3.12585, 3.14159, 0.91801
-0.00175, 5.75959, 0.78540, 3.04775, 3.14159, 0.32059
-0.00175, 5.75959, 1.48353, 0.16202, 3.14159, 0.28296
-0.00175, 5.75959, 1.57080, 0.15776, 3.14159, 0.29208
-0.00175, 6.02139, 0.00000, 3.12627, 3.14159, 0.92727
-0.00175, 6.02139, 0.08727, 3.12585, 3.14159, 0.91801
-0.00175, 6.02139, 0.78540, 3.04775, 3.14159, 0.32059
-0.00175, 6.02139, 1.48353, 0.16202, 3.14159, 0.28296
-0.00175, 6.02139, 1.57080, 0.15776, 3.14159, 0.29208
-0.00175, 6.28319, 0.00000, 3.12627, 3.14159, 0.92727
-0.00175, 6.28319, 0.08727, 3.12585, 3.14159, 0.91801
-0.00175, 6.28319, 0.78540, 3.04775, 3.14159, 0.32059
-0.00175, 6.28319, 1.48353, 0.16202, 3.14159, 0.28296
-0.00175, 6.28319, 1.57080, 0.15776, 3.14159, 0.29208
-0.00175, 6.30064, 0.00000, 3.12627, 3.14159, 0.92727
-0.00175, 6.30064, 0.08727, 3.12585, 3.14159, 0.91801
-0.00175, 6.30064, 0.78540, 3.04775, 3.14159, 0.32059
-0.00175, 6.30064, 1.48353, 0.16202, 3.14159, 0.28296
-0.00175, 6.30064, 1.57080, 0.15776, 3.14159, 0.29208
