#Theta,Phi,Pol,Theta,Phi,Mag
0,0,0,3.048623437,3.141592654,0.377851763
0,0,1.570796327,3.103254337,0,0.651648847
0.017453293,0,0,2.926460517,3.141592654,0.311828203
0.017453293,0,1.570796327,3.050303729,0,0.636590726
0.034906585,0,0,3.137501069,3.141592654,0.696675832
0.034906585,0,1.570796327,2.989096055,0,0.598849705
0.052359878,0,0,3.104084633,0,0.834897219
0.052359878,0,1.570796327,2.90808514,0,0.536623548
0.06981317,0,0,3.081328721,0,0.868656891
0.06981317,0,1.570796327,2.78435777,0,0.451920981
0.087266463,0,0,3.060625351,0,0.877163642
0.087266463,0,1.570796327,2.588544461,0,0.370066862
0.104719755,0,0,3.047366558,0,0.841000675
0.104719755,0,1.570796327,2.058506553,0,0.212823478
0.122173048,0,0,3.028036516,0,0.83582318
0.122173048,0,1.570796327,0.920873245,0,0.211774367
0.13962634,0,0,3.010287785,0,0.831679182
0.13962634,0,1.570796327,0.525636956,0,0.325431827
0.157079633,0,0,2.991673145,0,0.826065896
0.157079633,0,1.570796327,0.374946868,0,0.403824894
0.174532925,0,0,2.973540963,0,0.822841771
0.174532925,0,1.570796327,0.349836349,0,0.415411997
0.191986218,0,0,2.955070003,0,0.819443222
0.191986218,0,1.570796327,0.387837267,0,0.373122098
0.20943951,0,0,2.936982559,0,0.815511337
0.20943951,0,1.570796327,0.491570976,0,0.310585698
0.226892803,0,0,2.919272485,0,0.812178947
0.226892803,0,1.570796327,0.6793353,0,0.251545486
0.244346095,0,0,2.901810844,0,0.80878962
0.244346095,0,1.570796327,0.953373146,0,0.212234162
0.261799388,0,0,2.884702725,0,0.804923698
0.261799388,0,1.570796327,1.262842722,0,0.200030254
0,0.261799388,0,3.048623437,3.141592654,0.377851763
0,0.261799388,1.570796327,3.103254337,0,0.651648847
0.017453293,0.261799388,0,2.920674709,3.074419923,0.307298359
0.017453293,0.261799388,1.570796327,3.051915476,0.079298732,0.63734103
0.034906585,0.261799388,0,3.125045007,2.202654721,0.676472615
0.034906585,0.261799388,1.570796327,2.992906226,0.101596383,0.601749388
0.052359878,0.261799388,0,3.103190347,0.439727044,0.8279104
0.052359878,0.261799388,1.570796327,2.916105004,0.111878588,0.543108691
0.06981317,0.261799388,0,3.080513876,0.347660484,0.865864603
0.06981317,0.261799388,1.570796327,2.801515275,0.117411393,0.462381093
0.087266463,0.261799388,0,3.060008785,0.31988643,0.876364893
0.087266463,0.261799388,1.570796327,2.616251021,0.119792951,0.376349764
0.104719755,0.261799388,0,3.043621984,0.320083622,0.84560492
0.104719755,0.261799388,1.570796327,2.143158475,0.128993779,0.216868221
0.122173048,0.261799388,0,3.025970007,0.314304092,0.839293843
0.122173048,0.261799388,1.570796327,1.145110139,0.14249007,0.187482219
0.13962634,0.261799388,0,3.008728406,0.310546944,0.831397503
0.13962634,0.261799388,1.570796327,0.589793554,0.160852301,0.303674055
0.157079633,0.261799388,0,2.989562937,0.304809189,0.826573932
0.157079633,0.261799388,1.570796327,0.404703476,0.19162306,0.389145486
0.174532925,0.261799388,0,2.971279891,0.301076028,0.821911577
0.174532925,0.261799388,1.570796327,0.35522055,0.227100314,0.420342035
0.191986218,0.261799388,0,2.95267615,0.297430331,0.818828359
0.191986218,0.261799388,1.570796327,0.378386002,0.259057423,0.391633322
0.20943951,0.261799388,0,2.934219092,0.294551254,0.814827643
0.20943951,0.261799388,1.570796327,0.460507064,0.284428061,0.333937143
0.226892803,0.261799388,0,2.916252454,0.292260067,0.811167823
0.226892803,0.261799388,1.570796327,0.617943956,0.298646183,0.273190801
0.244346095,0.261799388,0,2.898581115,0.29024973,0.807939092
0.244346095,0.261799388,1.570796327,0.861272783,0.303793562,0.226886061
0.261799388,0.261799388,0,2.881204093,0.288547727,0.804416882
0.261799388,0.261799388,1.570796327,1.162074557,0.30351758,0.205290547
0,0.523598776,0,3.048623437,3.141592654,0.377851763
0,0.523598776,1.570796327,3.103254337,0,0.651648847
0.017453293,0.523598776,0,2.914116787,3.013083911,0.302133336
0.017453293,0.523598776,1.570796327,3.056597667,0.161620169,0.639388127
0.034906585,0.523598776,0,3.098363422,2.409543327,0.604184452
0.034906585,0.523598776,1.570796327,3.003659727,0.209875959,0.609619971
0.052359878,0.523598776,0,3.100157355,0.908827183,0.80029691
0.052359878,0.523598776,1.570796327,2.937768151,0.232674221,0.560921295
0.06981317,0.523598776,0,3.078044508,0.696569486,0.854374558
0.06981317,0.523598776,1.570796327,2.845946361,0.245583841,0.492434755
0.087266463,0.523598776,0,3.057795988,0.637424397,0.871789009
0.087266463,0.523598776,1.570796327,2.702615687,0.253267076,0.409108863
0.104719755,0.523598776,0,3.037284628,0.607503688,0.875639232
0.104719755,0.523598776,1.570796327,2.49242878,0.254674188,0.340978621
0.122173048,0.523598776,0,3.022775116,0.621866947,0.838522002
0.122173048,0.523598776,1.570796327,1.863842961,0.276053144,0.202329549
0.13962634,0.523598776,0,3.002669488,0.606171569,0.835630728
0.13962634,0.523598776,1.570796327,0.92132941,0.31047167,0.218730696
0.157079633,0.523598776,0,2.984713838,0.600490421,0.827360202
0.157079633,0.523598776,1.570796327,0.549143446,0.348058735,0.331839764
0.174532925,0.523598776,0,2.964874515,0.591380658,0.822438707
0.174532925,0.523598776,1.570796327,0.414349129,0.404268037,0.400009373
0.191986218,0.523598776,0,2.945743753,0.585538866,0.816244283
0.191986218,0.523598776,1.570796327,0.375757157,0.470591882,0.423282401
0.20943951,0.523598776,0,2.926786529,0.580192464,0.81250316
0.20943951,0.523598776,1.570796327,0.405820508,0.52502958,0.397745358
0.226892803,0.523598776,0,2.907759296,0.575466998,0.808790985
0.226892803,0.523598776,1.570796327,0.490456396,0.567080637,0.344727132
0.244346095,0.523598776,0,2.889215645,0.571800861,0.804866892
0.244346095,0.523598776,1.570796327,0.64105097,0.593908764,0.287472603
0.261799388,0.523598776,0,2.871208731,0.568774952,0.80146862
0.261799388,0.523598776,1.570796327,0.868479948,0.606324807,0.242140863
0,0.785398163,0,3.048623437,3.141592654,0.377851763
0,0.785398163,1.570796327,3.103254337,0,0.651648847
0.017453293,0.785398163,0,2.930675336,2.952558332,0.313926845
0.017453293,0.785398163,1.570796327,3.063911291,0.250428625,0.642276902
0.034906585,0.785398163,0,3.029490184,2.634536182,0.454442492
0.034906585,0.785398163,1.570796327,3.019611685,0.33330354,0.620208433
0.052359878,0.785398163,0,3.09000594,1.517279908,0.718585934
0.052359878,0.785398163,1.570796327,2.967542191,0.373745551,0.585262487
0.06981317,0.785398163,0,3.073088682,1.07646536,0.817778082
0.06981317,0.785398163,1.570796327,2.901637819,0.397590327,0.535595502
0.087266463,0.785398163,0,3.053543893,0.960074727,0.853727158
0.087266463,0.785398163,1.570796327,2.810284876,0.413408548,0.470898517
0.104719755,0.785398163,0,3.033975279,0.911063623,0.867981414
0.104719755,0.785398163,1.570796327,2.670745055,0.424884777,0.394452728
0.122173048,0.785398163,0,3.01403494,0.883030092,0.872518744
0.122173048,0.785398163,1.570796327,2.446408847,0.432878485,0.319909479
0.13962634,0.785398163,0,2.995261809,0.87799225,0.856230767
0.13962634,0.785398163,1.570796327,2.208619977,0.43184809,0.272601292
0.157079633,0.785398163,0,2.977585085,0.88104593,0.832633206
0.157079633,0.785398163,1.570796327,1.301979248,0.47798995,0.213858754
0.174532925,0.785398163,0,2.95610615,0.864789037,0.829987064
0.174532925,0.785398163,1.570796327,0.755541942,0.528356637,0.273801328
0.191986218,0.785398163,0,2.936315351,0.859417123,0.817616265
0.191986218,0.785398163,1.570796327,0.511505271,0.596892732,0.376039835
0.20943951,0.785398163,0,2.916063588,0.851567423,0.812023744
0.20943951,0.785398163,1.570796327,0.443474948,0.659648201,0.424935693
0.226892803,0.785398163,0,2.895044592,0.844297575,0.805714259
0.226892803,0.785398163,1.570796327,0.428360883,0.735823827,0.42940794
0.244346095,0.785398163,0,2.874850104,0.839597131,0.799245604
0.244346095,0.785398163,1.570796327,0.465021027,0.805066348,0.403283851
0.261799388,0.785398163,0,2.855471751,0.835853978,0.794822806
0.261799388,0.785398163,1.570796327,0.556276121,0.853098158,0.357313052
0,1.047197551,0,3.048623437,3.141592654,0.377851763
0,1.047197551,1.570796327,3.103254337,0,0.651648847
0.017453293,1.047197551,0,2.971383028,2.881084595,0.346689919
0.017453293,1.047197551,1.570796327,3.073222522,0.350206877,0.645377814
0.034906585,1.047197551,0,2.900565,2.722440558,0.31130895
0.034906585,1.047197551,1.570796327,3.038495373,0.484498739,0.63067879
0.052359878,1.047197551,0,3.013428554,2.304329902,0.477556817
0.052359878,1.047197551,1.570796327,2.999526341,0.553514755,0.608540717
0.06981317,1.047197551,0,3.05060576,1.682246561,0.668987234
0.06981317,1.047197551,1.570796327,2.954504871,0.594504918,0.578820376
0.087266463,1.047197551,0,3.041502556,1.372154479,0.770084143
0.087266463,1.047197551,1.570796327,2.900024203,0.622237741,0.539638982
0.104719755,1.047197551,0,3.024911206,1.249503736,0.818525614
0.104719755,1.047197551,1.570796327,2.829900433,0.643115199,0.490084228
0.122173048,1.047197551,0,3.006632323,1.19134619,0.842773619
0.122173048,1.047197551,1.570796327,2.732694091,0.660592063,0.430315508
0.13962634,1.047197551,0,2.987529474,1.157874417,0.855027178
0.13962634,1.047197551,1.570796327,2.586045305,0.676920673,0.362718558
0.157079633,1.047197551,0,2.967725159,1.135400977,0.860422517
0.157079633,1.047197551,1.570796327,2.346766122,0.694069693,0.295142012
0.174532925,1.047197551,0,2.947166008,1.118421585,0.861196136
0.174532925,1.047197551,1.570796327,1.957050501,0.713351109,0.247079267
0.191986218,1.047197551,0,2.925659557,1.104600234,0.858333161
0.191986218,1.047197551,1.570796327,1.464713124,0.735428273,0.247147018
0.20943951,1.047197551,0,2.902900561,1.092639195,0.852345673
0.20943951,1.047197551,1.570796327,1.087561897,0.758077822,0.294955934
0.226892803,1.047197551,0,2.881893496,1.093434429,0.830529932
0.226892803,1.047197551,1.570796327,0.899547717,0.774010987,0.333073838
0.244346095,1.047197551,0,2.856977395,1.086430346,0.814924617
0.244346095,1.047197551,1.570796327,0.600872196,0.877356999,0.402743397
0.261799388,1.047197551,0,2.836885944,1.088900378,0.794855008
0.261799388,1.047197551,1.570796327,0.551329637,0.927060704,0.455866258
0,1.308996939,0,3.048623437,3.141592654,0.377851763
0,1.308996939,1.570796327,3.103254337,0,0.651648847
0.017453293,1.308996939,0,3.01140218,2.791522609,0.378936873
0.017453293,1.308996939,1.570796327,3.083794774,0.467518234,0.648052139
0.034906585,1.308996939,0,2.955696569,2.609055216,0.359524234
0.034906585,1.308996939,1.570796327,3.05789954,0.682584308,0.639307721
0.052359878,1.308996939,0,2.887576661,2.493504782,0.333501724
0.052359878,1.308996939,1.570796327,3.02873709,0.799943177,0.625106574
0.06981317,1.308996939,0,2.832435437,2.385965027,0.323160954
0.06981317,1.308996939,1.570796327,2.996474926,0.874888267,0.605514632
0.087266463,1.308996939,0,2.824248788,2.251313112,0.347301603
0.087266463,1.308996939,1.570796327,2.960398372,0.927419318,0.581306464
0.104719755,1.308996939,0,2.851569903,2.084627608,0.40558844
0.104719755,1.308996939,1.570796327,2.919406037,0.965921152,0.553444818
0.122173048,1.308996939,0,2.877970322,1.912576852,0.479578274
0.122173048,1.308996939,1.570796327,2.871791939,0.995237566,0.522055876
0.13962634,1.308996939,0,2.889894035,1.76595209,0.550216906
0.13962634,1.308996939,1.570796327,2.814608567,1.019082647,0.486486319
0.157079633,1.308996939,0,2.889751166,1.655716718,0.608401924
0.157079633,1.308996939,1.570796327,2.74293385,1.040155766,0.446145648
0.174532925,1.308996939,0,2.88192762,1.577063023,0.652887372
0.174532925,1.308996939,1.570796327,2.648579475,1.060398987,0.401198407
0.191986218,1.308996939,0,2.869324345,1.521177608,0.685553467
0.191986218,1.308996939,1.570796327,2.518182777,1.081238231,0.353334968
0.20943951,1.308996939,0,2.853495552,1.480643992,0.708791954
0.20943951,1.308996939,1.570796327,2.331143857,1.103869975,0.306831385
0.226892803,1.308996939,0,2.835247417,1.450302343,0.724574657
0.226892803,1.308996939,1.570796327,2.064656585,1.129201892,0.270173682
0.244346095,1.308996939,0,2.814915289,1.426854079,0.734367932
0.244346095,1.308996939,1.570796327,1.723218792,1.158138987,0.255754753
0.261799388,1.308996939,0,2.792606956,1.408236177,0.739220168
0.261799388,1.308996939,1.570796327,1.376444514,1.191330781,0.271841967
0,1.570796327,0,3.048623437,3.141592654,0.377851763
0,1.570796327,1.570796327,3.103254337,0,0.651648847
0.017453293,1.570796327,0,3.039260431,2.68034927,0.384209946
0.017453293,1.570796327,1.570796327,3.094853662,0.613000822,0.649769592
0.034906585,1.570796327,0,3.018123614,2.361986453,0.4034614
0.034906585,1.570796327,1.570796327,3.075434589,0.960576315,0.644149171
0.052359878,1.570796327,0,2.995772317,2.167357635,0.435784968
0.052359878,1.570796327,1.570796327,3.051056805,1.145042674,0.634799868
0.06981317,1.570796327,0,2.977657959,2.043862881,0.480623832
0.06981317,1.570796327,1.570796327,3.023632241,1.254676436,0.621811131
0.087266463,1.570796327,0,2.964783655,1.959196271,0.535935248
0.087266463,1.570796327,1.570796327,2.993420289,1.327155672,0.605322797
0.104719755,1.570796327,0,2.955750266,1.896575273,0.597752736
0.104719755,1.570796327,1.570796327,2.960051938,1.379170283,0.585532232
0.122173048,1.570796327,0,2.948444545,1.847495193,0.660716134
0.122173048,1.570796327,1.570796327,2.922827141,1.418974502,0.562629655
0.13962634,1.570796327,0,2.941037351,1.807554347,0.719471001
0.13962634,1.570796327,1.570796327,2.880605602,1.451218289,0.536746515
0.157079633,1.570796327,0,2.932389931,1.774482809,0.770059764
0.157079633,1.570796327,1.570796327,2.831715112,1.478707939,0.507953351
0.174532925,1.570796327,0,2.921971352,1.74691869,0.810621101
0.174532925,1.570796327,1.570796327,2.773746346,1.503226306,0.476356338
0.191986218,1.570796327,0,2.909678155,1.723896349,0.841108019
0.191986218,1.570796327,1.570796327,2.703118519,1.525953288,0.442268349
0.20943951,1.570796327,0,2.895576844,1.704579362,0.86259228
0.20943951,1.570796327,1.570796327,2.614871742,1.547651841,0.40647335
0.226892803,1.570796327,0,2.879846557,1.688253005,0.876628295
0.226892803,1.570796327,1.570796327,2.502339118,1.568835374,0.370485597
0.244346095,1.570796327,0,2.862649419,1.674296397,0.88473782
0.244346095,1.570796327,1.570796327,2.358034643,1.58984857,0.336939186
0.261799388,1.570796327,0,2.844125724,1.662182346,0.888218796
0.261799388,1.570796327,1.570796327,2.176525542,1.610947726,0.30964499
0,1.832595715,0,3.048623437,3.141592654,0.377851763
0,1.832595715,1.570796327,3.103254337,0,0.651648847
0.017453293,1.832595715,0,3.058624117,2.523523066,0.351338575
0.017453293,1.832595715,1.570796327,3.105592626,0.804945454,0.650311357
0.034906585,1.832595715,0,3.023276941,1.908017635,0.30287746
0.034906585,1.832595715,1.570796327,3.088024751,1.358928874,0.644033813
0.052359878,1.832595715,0,2.936059612,1.57283305,0.247887452
0.052359878,1.832595715,1.570796327,3.061660216,1.607289218,0.632840595
0.06981317,1.832595715,0,2.820138002,1.442597103,0.215171781
0.06981317,1.832595715,1.570796327,3.031042302,1.732910314,0.617227848
0.087266463,1.832595715,0,2.762661927,1.441650098,0.229608243
0.087266463,1.832595715,1.570796327,2.996989479,1.808006222,0.598395353
0.104719755,1.832595715,0,2.785691626,1.515384792,0.290313073
0.104719755,1.832595715,1.570796327,2.959246217,1.860514658,0.577280794
0.122173048,1.832595715,0,2.821617046,1.611114198,0.374624797
0.122173048,1.832595715,1.570796327,2.916739608,1.902333791,0.553739345
0.13962634,1.832595715,0,2.841471858,1.694596462,0.458222172
0.13962634,1.832595715,1.570796327,2.867509953,1.938423296,0.526845081
0.157079633,1.832595715,0,2.846544702,1.75580052,0.528507772
0.157079633,1.832595715,1.570796327,2.808431478,1.970735991,0.495876639
0.174532925,1.832595715,0,2.841988538,1.797373414,0.582896033
0.174532925,1.832595715,1.570796327,2.734982541,2.000211059,0.460746108
0.191986218,1.832595715,0,2.831322322,1.824780804,0.623102478
0.191986218,1.832595715,1.570796327,2.640655338,2.027290853,0.422319173
0.20943951,1.832595715,0,2.816468142,1.842621934,0.651807572
0.20943951,1.832595715,1.570796327,2.516530476,2.052096679,0.382747276
0.226892803,1.832595715,0,2.798416549,1.854090733,0.671345682
0.226892803,1.832595715,1.570796327,2.35256761,2.074351299,0.346070982
0.244346095,1.832595715,0,2.777677946,1.861284596,0.683502142
0.244346095,1.832595715,1.570796327,2.143696941,2.093824269,0.318260419
0.261799388,1.832595715,0,2.754416606,1.865508844,0.68957287
0.261799388,1.832595715,1.570796327,1.902592755,2.109886656,0.305692847
0,2.094395102,0,3.048623437,3.141592654,0.377851763
0,2.094395102,1.570796327,3.103254337,0,0.651648847
0.017453293,2.094395102,0,3.075463368,2.230987621,0.289793414
0.017453293,2.094395102,1.570796327,3.115127458,1.075354998,0.649777541
0.034906585,2.094395102,0,2.980723596,1.263925677,0.198057225
0.034906585,2.094395102,1.570796327,3.092339363,1.857186569,0.640106256
0.052359878,2.094395102,0,3.018698483,1.608567014,0.370121452
0.052359878,2.094395102,1.570796327,3.057511602,2.098506934,0.624265361
0.06981317,2.094395102,0,3.028853849,2.023927117,0.597231399
0.06981317,2.094395102,1.570796327,3.016610379,2.208308637,0.601975483
0.087266463,2.094395102,0,3.015579958,2.161452473,0.722700363
0.087266463,2.094395102,1.570796327,2.968227876,2.273546357,0.571628756
0.104719755,2.094395102,0,2.998457295,2.201136116,0.784714798
0.104719755,2.094395102,1.570796327,2.908764389,2.318668941,0.53276522
0.122173048,2.094395102,0,2.98004127,2.210905394,0.816704363
0.122173048,2.094395102,1.570796327,2.832041682,2.352848742,0.485642361
0.13962634,2.094395102,0,2.960785774,2.21084714,0.833598559
0.13962634,2.094395102,1.570796327,2.727837495,2.379787129,0.43166496
0.157079633,2.094395102,0,2.940765981,2.207602455,0.841931125
0.157079633,2.094395102,1.570796327,2.579925065,2.400649043,0.374636033
0.174532925,2.094395102,0,2.919909712,2.203646479,0.844649589
0.174532925,2.094395102,1.570796327,2.367694374,2.415333494,0.322487058
0.191986218,2.094395102,0,2.898065756,2.200033769,0.84321011
0.191986218,2.094395102,1.570796327,2.085715834,2.422852848,0.287614468
0.20943951,2.094395102,0,2.874734503,2.197939717,0.838323145
0.20943951,2.094395102,1.570796327,1.792924353,2.421545644,0.279733818
0.226892803,2.094395102,0,2.853223442,2.196395983,0.815210933
0.226892803,2.094395102,1.570796327,1.611237198,2.411440144,0.287213543
0.244346095,2.094395102,0,2.828496066,2.192529991,0.795945391
0.244346095,2.094395102,1.570796327,1.263577039,2.40511862,0.316276654
0.261799388,2.094395102,0,2.808604778,2.185588309,0.774820977
0.261799388,2.094395102,1.570796327,1.188842305,2.380410277,0.339571564
0,2.35619449,0,3.048623437,3.141592654,0.377851763
0,2.35619449,1.570796327,3.103254337,0,0.651648847
0.017453293,2.35619449,0,3.087594271,1.638956166,0.229354297
0.017453293,2.35619449,1.570796327,3.122451162,1.471576574,0.648528806
0.034906585,2.35619449,0,3.069662823,1.527416097,0.343829085
0.034906585,2.35619449,1.570796327,3.088287918,2.321530539,0.633770182
0.052359878,2.35619449,0,3.061621087,2.36015172,0.657611741
0.052359878,2.35619449,1.570796327,3.041508829,2.486346831,0.607771414
0.06981317,2.35619449,0,3.039818048,2.473398282,0.782840862
0.06981317,2.35619449,1.570796327,2.984491418,2.555277686,0.569321213
0.087266463,2.35619449,0,3.019587737,2.487137645,0.830251569
0.087266463,2.35619449,1.570796327,2.911384142,2.594781843,0.518601305
0.104719755,2.35619449,0,2.99938303,2.483660467,0.850162182
0.104719755,2.35619449,1.570796327,2.812489706,2.620058509,0.458020762
0.122173048,2.35619449,0,2.978383168,2.478328866,0.85756631
0.122173048,2.35619449,1.570796327,2.678216884,2.634531466,0.395976193
0.13962634,2.35619449,0,2.956735998,2.475272126,0.838536474
0.13962634,2.35619449,1.570796327,2.539981984,2.640042095,0.350316848
0.157079633,2.35619449,0,2.936944881,2.468165621,0.807142954
0.157079633,2.35619449,1.570796327,2.030239803,2.657762373,0.251934063
0.174532925,2.35619449,0,2.916308899,2.458554406,0.806376522
0.174532925,2.35619449,1.570796327,1.557727703,2.649253402,0.243521486
0.191986218,2.35619449,0,2.896838069,2.449596747,0.791890864
0.191986218,2.35619449,1.570796327,1.21976481,2.628039561,0.278680742
0.20943951,2.35619449,0,2.878004317,2.44155857,0.787820316
0.20943951,2.35619449,1.570796327,1.120335459,2.594428053,0.301919832
0.226892803,2.35619449,0,2.858308687,2.435158251,0.782529501
0.226892803,2.35619449,1.570796327,1.124329117,2.554369574,0.3076786
0.244346095,2.35619449,0,2.83958609,2.42900715,0.776450938
0.244346095,2.35619449,1.570796327,1.212558108,2.512171313,0.300178389
0.261799388,2.35619449,0,2.821897985,2.423405564,0.772870237
0.261799388,2.35619449,1.570796327,1.372528505,2.470938476,0.288828758
0,2.617993878,0,3.048623437,3.141592654,0.377851763
0,2.617993878,1.570796327,3.103254337,0,0.651648847
0.017453293,2.617993878,0,3.087475532,0.949943697,0.198470556
0.017453293,2.617993878,1.570796327,3.126664125,2.012057716,0.647092104
0.034906585,2.617993878,0,3.093550627,2.364772363,0.518398126
0.034906585,2.617993878,1.570796327,3.080523952,2.667229874,0.626427733
0.052359878,2.617993878,0,3.060302555,2.704077674,0.760059886
0.052359878,2.617993878,1.570796327,3.022470535,2.758487916,0.589336423
0.06981317,2.617993878,0,3.037698587,2.725621727,0.830719352
0.06981317,2.617993878,1.570796327,2.948209589,2.796038169,0.535848377
0.087266463,2.617993878,0,3.016565728,2.722049324,0.854963581
0.087266463,2.617993878,1.570796327,2.84748376,2.815992446,0.46982384
0.104719755,2.617993878,0,2.993417275,2.719653068,0.861338461
0.104719755,2.617993878,1.570796327,2.726594171,2.823001006,0.412406313
0.122173048,2.617993878,0,2.973888576,2.712560675,0.812235173
0.122173048,2.617993878,1.570796327,2.363432479,2.842478936,0.2787114
0.13962634,2.617993878,0,2.954252432,2.702402044,0.810460561
0.13962634,2.617993878,1.570796327,1.769156857,2.841717184,0.222817888
0.157079633,2.617993878,0,2.936820794,2.692935503,0.800790597
0.157079633,2.617993878,1.570796327,1.309139434,2.825544045,0.245904806
0.174532925,2.617993878,0,2.917661489,2.686040457,0.796568716
0.174532925,2.617993878,1.570796327,1.108911077,2.79894514,0.27547109
0.191986218,2.617993878,0,2.89937588,2.679729126,0.790083602
0.191986218,2.617993878,1.570796327,1.071897978,2.765451659,0.285813737
0.20943951,2.617993878,0,2.881537598,2.674378855,0.787147176
0.20943951,2.617993878,1.570796327,1.164318541,2.728106917,0.273637866
0.226892803,2.617993878,0,2.863526893,2.67010909,0.784265049
0.226892803,2.617993878,1.570796327,1.346021556,2.690781791,0.25696003
0.244346095,2.617993878,0,2.846022472,2.666304859,0.780850641
0.244346095,2.617993878,1.570796327,1.578163072,2.656519242,0.250289188
0.261799388,2.617993878,0,2.829165489,2.662945982,0.778002855
0.261799388,2.617993878,1.570796327,1.808103693,2.626757113,0.258445504
0,2.879793266,0,3.048623437,3.141592654,0.377851763
0,2.879793266,1.570796327,3.103254337,0,0.651648847
0.017453293,2.879793266,0,3.089189079,0.458857484,0.194817436
0.017453293,2.879793266,1.570796327,3.128028164,2.599356717,0.645949425
0.034906585,2.879793266,0,3.091355167,2.840047914,0.605624078
0.034906585,2.879793266,1.570796327,3.073987677,2.924266256,0.620697889
0.052359878,2.879793266,0,3.058178045,2.936016343,0.795576204
0.052359878,2.879793266,1.570796327,3.007807566,2.964093453,0.575623707
0.06981317,2.879793266,0,3.035590605,2.939100182,0.846260022
0.06981317,2.879793266,1.570796327,2.920174961,2.980298952,0.512265903
0.087266463,2.879793266,0,3.013454394,2.936163922,0.861624007
0.087266463,2.879793266,1.570796327,2.803304947,2.987460645,0.442827557
0.104719755,2.879793266,0,2.989650945,2.934879206,0.821140318
0.104719755,2.879793266,1.570796327,2.501094136,2.999326618,0.300798975
0.122173048,2.879793266,0,2.97228395,2.927501004,0.814252602
0.122173048,2.879793266,1.570796327,1.962453727,2.999174079,0.221800834
0.13962634,2.879793266,0,2.955279865,2.921647949,0.804594374
0.13962634,2.879793266,1.570796327,1.386825625,2.991414335,0.229934504
0.157079633,2.879793266,0,2.936504134,2.917438015,0.799913825
0.157079633,2.879793266,1.570796327,1.105703298,2.977340589,0.263407876
0.174532925,2.879793266,0,2.918935344,2.913610711,0.794995171
0.174532925,2.879793266,1.570796327,1.048615332,2.958458131,0.274734934
0.191986218,2.879793266,0,2.901051792,2.910622678,0.792620113
0.191986218,2.879793266,1.570796327,1.144512162,2.936568445,0.258772656
0.20943951,2.879793266,0,2.883197072,2.908151639,0.788941926
0.20943951,2.879793266,1.570796327,1.346758406,2.914354176,0.238161651
0.226892803,2.879793266,0,2.865952937,2.905967633,0.785626385
0.226892803,2.879793266,1.570796327,1.611394392,2.893714261,0.230034733
0.244346095,2.879793266,0,2.849030266,2.904108992,0.782949064
0.244346095,2.879793266,1.570796327,1.864466112,2.875683951,0.239381477
0.261799388,2.879793266,0,2.832328574,2.902535633,0.779973658
0.261799388,2.879793266,1.570796327,2.057976154,2.860550176,0.26041595
0,3.141592654,0,3.048623437,3.141592654,0.377851763
0,3.141592654,1.570796327,3.103254337,0,0.651648847
0.017453293,3.141592654,0,3.092095279,2.19254E-16,0.197141448
0.017453293,3.141592654,1.570796327,3.128177445,3.141592654,0.645518085
0.034906585,3.141592654,0,3.089940411,3.141592654,0.630320646
0.034906585,3.141592654,1.570796327,3.071508446,3.141592654,0.61854847
0.052359878,3.141592654,0,3.05740658,3.141592654,0.804669782
0.052359878,3.141592654,1.570796327,3.00234259,3.141592654,0.57060323
0.06981317,3.141592654,0,3.034785132,3.141592654,0.850104322
0.06981317,3.141592654,1.570796327,2.90973738,3.141592654,0.503996048
0.087266463,3.141592654,0,3.011895613,3.141592654,0.862806607
0.087266463,3.141592654,1.570796327,2.791205303,3.141592654,0.437130104
0.104719755,3.141592654,0,2.991552572,3.141592654,0.814703118
0.104719755,3.141592654,1.570796327,2.470352312,3.141592654,0.293556934
0.122173048,3.141592654,0,2.972159255,3.141592654,0.809197327
0.122173048,3.141592654,1.570796327,1.789872087,3.141592654,0.214629928
0.13962634,3.141592654,0,2.955043807,3.141592654,0.805149204
0.13962634,3.141592654,1.570796327,1.295999326,3.141592654,0.235100915
0.157079633,3.141592654,0,2.936736945,3.141592654,0.798915036
0.157079633,3.141592654,1.570796327,1.063661494,3.141592654,0.267360032
0.174532925,3.141592654,0,2.919328905,3.141592654,0.795959871
0.174532925,3.141592654,1.570796327,1.057563552,3.141592654,0.268067315
0.191986218,3.141592654,0,2.901357408,3.141592654,0.793044632
0.191986218,3.141592654,1.570796327,1.192148068,3.141592654,0.246845239
0.20943951,3.141592654,0,2.883802689,3.141592654,0.789270844
0.20943951,3.141592654,1.570796327,1.430394839,3.141592654,0.227417816
0.226892803,3.141592654,0,2.866697562,3.141592654,0.786344336
0.226892803,3.141592654,1.570796327,1.71181961,3.141592654,0.224650173
0.244346095,3.141592654,0,2.849767866,3.141592654,0.783454063
0.244346095,3.141592654,1.570796327,1.955839004,3.141592654,0.239063667
0.261799388,3.141592654,0,2.833112266,3.141592654,0.779978052
0.261799388,3.141592654,1.570796327,2.130998088,3.141592654,0.262610572
0,3.403392041,0,3.048623437,3.141592654,0.377851763
0,3.403392041,1.570796327,3.103254337,0,0.651648847
0.017453293,3.403392041,0,3.08919958,-0.458931283,0.194827343
0.017453293,3.403392041,1.570796327,3.128029545,-2.599286031,0.645939412
0.034906585,3.403392041,0,3.091352763,-2.840057679,0.605614138
0.034906585,3.403392041,1.570796327,3.073983931,-2.924271398,0.620678001
0.052359878,3.403392041,0,3.058169641,-2.936034819,0.795566728
0.052359878,3.403392041,1.570796327,3.007800165,-2.964100352,0.57561419
0.06981317,3.403392041,0,3.035577844,-2.939122641,0.846251115
0.06981317,3.403392041,1.570796327,2.920166387,-2.980298952,0.512246392
0.087266463,3.403392041,0,3.013440159,-2.936182447,0.861605422
0.087266463,3.403392041,1.570796327,2.803282463,-2.987460645,0.442799257
0.104719755,3.403392041,0,2.989625291,-2.934904355,0.821133427
0.104719755,3.403392041,1.570796327,2.501047505,-2.999328998,0.300796957
0.122173048,3.403392041,0,2.972266169,-2.92752361,0.814224642
0.122173048,3.403392041,1.570796327,1.962212252,-2.999178907,0.22177857
0.13962634,3.403392041,0,2.955261305,-2.921669135,0.804566661
0.13962634,3.403392041,1.570796327,1.386449941,-2.991412091,0.229940385
0.157079633,3.403392041,0,2.936499314,-2.917444,0.799894199
0.157079633,3.403392041,1.570796327,1.105465843,-2.977330888,0.263417013
0.174532925,3.403392041,0,2.918932844,-2.91361626,0.794985368
0.174532925,3.403392041,1.570796327,1.048448941,-2.958431664,0.274715653
0.191986218,3.403392041,0,2.901036859,-2.9106348,0.79261272
0.191986218,3.403392041,1.570796327,1.144398087,-2.936533544,0.25873185
0.20943951,3.403392041,0,2.8831844,-2.908156465,0.788903195
0.20943951,3.403392041,1.570796327,1.346777149,-2.914304343,0.238100216
0.226892803,3.403392041,0,2.865941453,-2.905970358,0.78555619
0.226892803,3.403392041,1.570796327,1.611544707,-2.893673533,0.229986892
0.244346095,3.403392041,0,2.849010436,-2.904120096,0.782859746
0.244346095,3.403392041,1.570796327,1.864673699,-2.875643442,0.239345009
0.261799388,3.403392041,0,2.832311402,-2.902544334,0.779862458
0.261799388,3.403392041,1.570796327,2.058132765,-2.860539067,0.260403057
0,3.665191429,0,3.048623437,3.141592654,0.377851763
0,3.665191429,1.570796327,3.103254337,0,0.651648847
0.017453293,3.665191429,0,3.087492686,-0.950246828,0.198490401
0.017453293,3.665191429,1.570796327,3.126665313,-2.011823675,0.647072091
0.034906585,3.665191429,0,3.093546953,-2.364828677,0.518388206
0.034906585,3.665191429,1.570796327,3.080519612,-2.667241821,0.626397843
0.052359878,3.665191429,0,3.060288659,-2.70413945,0.760030647
0.052359878,3.665191429,1.570796327,3.022454654,-2.7585146,0.589297258
0.06981317,3.665191429,0,3.037675127,-2.725706137,0.830691221
0.06981317,3.665191429,1.570796327,2.948177868,-2.796064481,0.535800756
0.087266463,3.665191429,0,3.016534267,-2.722157204,0.854936726
0.087266463,3.665191429,1.570796327,2.847447387,-2.815999402,0.469766324
0.104719755,3.665191429,0,2.993377276,-2.719749664,0.86129305
0.104719755,3.665191429,1.570796327,2.726515124,-2.823025554,0.41235511
0.122173048,3.665191429,0,2.973835692,-2.712676667,0.812201877
0.122173048,3.665191429,1.570796327,2.363332496,-2.842493997,0.278696744
0.13962634,3.665191429,0,2.954207784,-2.70251052,0.810406352
0.13962634,3.665191429,1.570796327,1.768634136,-2.841725529,0.222783259
0.157079633,3.665191429,0,2.936798252,-2.693000872,0.800733066
0.157079633,3.665191429,1.570796327,1.308454332,-2.825533879,0.245929017
0.174532925,3.665191429,0,2.917651319,-2.686075995,0.796519281
0.174532925,3.665191429,1.570796327,1.108442221,-2.798896105,0.275480935
0.191986218,3.665191429,0,2.899372546,-2.679752746,0.790063652
0.191986218,3.665191429,1.570796327,1.07158535,-2.765356775,0.285775186
0.20943951,3.665191429,0,2.881521209,-2.674409929,0.787129913
0.20943951,3.665191429,1.570796327,1.164167142,-2.727967442,0.273541659
0.226892803,3.665191429,0,2.863514006,-2.670117367,0.784226337
0.226892803,3.665191429,1.570796327,1.346083457,-2.690608926,0.256841131
0.244346095,3.665191429,0,2.845994502,-2.666343953,0.780763212
0.244346095,3.665191429,1.570796327,1.578440274,-2.656366304,0.250174226
0.261799388,3.665191429,0,2.829128344,-2.663000962,0.777854558
0.261799388,3.665191429,1.570796327,1.808477754,-2.626630347,0.258369221
0,3.926990817,0,3.048623437,3.141592654,0.377851763
0,3.926990817,1.570796327,3.103254337,0,0.651648847
0.017453293,3.926990817,0,3.087601599,-1.639520317,0.229394265
0.017453293,3.926990817,1.570796327,3.12245024,-1.471247911,0.648518815
0.034906585,3.926990817,0,3.069665165,-1.52749696,0.343839053
0.034906585,3.926990817,1.570796327,3.08828563,-2.321508885,0.633730203
0.052359878,3.926990817,0,3.06160991,-2.360245558,0.657582234
0.052359878,3.926990817,1.570796327,3.041493771,-2.486386966,0.607712031
0.06981317,3.926990817,0,3.039793902,-2.473546261,0.782802584
0.06981317,3.926990817,1.570796327,2.984459171,-2.555333586,0.569253248
0.087266463,3.926990817,0,3.019551518,-2.487330377,0.830214957
0.087266463,3.926990817,1.570796327,2.911328496,-2.59482578,0.518515629
0.104719755,3.926990817,0,2.999335037,-2.483880116,0.850107413
0.104719755,3.926990817,1.570796327,2.812377262,-2.62013167,0.457922112
0.122173048,3.926990817,0,2.978332445,-2.478511223,0.857492396
0.122173048,3.926990817,1.570796327,2.678062739,-2.634563841,0.395872542
0.13962634,3.926990817,0,2.956668996,-2.475522869,0.838485942
0.13962634,3.926990817,1.570796327,2.539783637,-2.640108278,0.35024325
0.157079633,3.926990817,0,2.936838778,-2.468422032,0.807068814
0.157079633,3.926990817,1.570796327,2.030133067,-2.657762373,0.251920761
0.174532925,3.926990817,0,2.916239162,-2.45877262,0.806276558
0.174532925,3.926990817,1.570796327,1.557336652,-2.649211936,0.24348277
0.191986218,3.926990817,0,2.896795047,-2.449743501,0.791765379
0.191986218,3.926990817,1.570796327,1.219000854,-2.627993478,0.278692672
0.20943951,3.926990817,0,2.877983724,-2.441633095,0.787710758
0.20943951,3.926990817,1.570796327,1.119697899,-2.594268005,0.301912346
0.226892803,3.926990817,0,2.858314709,-2.435168453,0.782444809
0.226892803,3.926990817,1.570796327,1.123934865,-2.55413994,0.307610561
0.244346095,3.926990817,0,2.839605456,-2.429016061,0.776404358
0.244346095,3.926990817,1.570796327,1.212424432,-2.51189364,0.300042741
0.261799388,3.926990817,0,2.821924516,-2.423413385,0.772842381
0.261799388,3.926990817,1.570796327,1.372727193,-2.470648205,0.288662394
0,4.188790205,0,3.048623437,3.141592654,0.377851763
0,4.188790205,1.570796327,3.103254337,0,0.651648847
0.017453293,4.188790205,0,3.075453649,-2.231399959,0.28984371
0.017453293,4.188790205,1.570796327,3.115122913,-1.075094092,0.649757612
0.034906585,4.188790205,0,2.980797636,-1.264274287,0.198125761
0.034906585,4.188790205,1.570796327,3.092338317,-1.856939996,0.640046216
0.052359878,4.188790205,0,3.01870142,-1.608648505,0.370131394
0.052359878,4.188790205,1.570796327,3.05750248,-2.09848358,0.624175522
0.06981317,4.188790205,0,3.028840098,-2.024040679,0.597182009
0.06981317,4.188790205,1.570796327,3.01658378,-2.208372886,0.601876708
0.087266463,4.188790205,0,3.015551336,-2.161668897,0.722632424
0.087266463,4.188790205,1.570796327,2.968179604,-2.273645769,0.571511762
0.104719755,4.188790205,0,2.99841733,-2.201415565,0.784648595
0.104719755,4.188790205,1.570796327,2.908682717,-2.318781817,0.532631655
0.122173048,4.188790205,0,2.979985275,-2.211228896,0.816620629
0.122173048,4.188790205,1.570796327,2.831913634,-2.352944645,0.485494264
0.13962634,4.188790205,0,2.960720532,-2.211194842,0.83351701
0.13962634,4.188790205,1.570796327,2.727629751,-2.379866664,0.431496821
0.157079633,4.188790205,0,2.940697347,-2.207996814,0.841830632
0.157079633,4.188790205,1.570796327,2.579593031,-2.400716695,0.374466176
0.174532925,4.188790205,0,2.919833115,-2.204025594,0.844541162
0.174532925,4.188790205,1.570796327,2.367162476,-2.415392416,0.322333061
0.191986218,4.188790205,0,2.89798081,-2.200380758,0.84308365
0.191986218,4.188790205,1.570796327,2.085019572,-2.422852848,0.28750127
0.20943951,4.188790205,0,2.874639904,-2.19822261,0.83815822
0.20943951,4.188790205,1.570796327,1.792253222,-2.42150069,0.279661609
0.226892803,4.188790205,0,2.853135147,-2.196761125,0.815096686
0.226892803,4.188790205,1.570796327,1.610749743,-2.41135532,0.287135691
0.244346095,4.188790205,0,2.828382658,-2.192870862,0.795901041
0.244346095,4.188790205,1.570796327,1.262989289,-2.404893478,0.316272788
0.261799388,4.188790205,0,2.808438742,-2.18594302,0.774643267
0.261799388,4.188790205,1.570796327,1.188539816,-2.380085021,0.339450097
0,4.450589593,0,3.048623437,3.141592654,0.377851763
0,4.450589593,1.570796327,3.103254337,0,0.651648847
0.017453293,4.450589593,0,3.05860817,-2.523761803,0.351389213
0.017453293,4.450589593,1.570796327,3.10558568,-0.804760717,0.650301513
0.034906585,4.450589593,0,3.023293747,-1.908650984,0.302987629
0.034906585,4.450589593,1.570796327,3.088017477,-1.358585848,0.643994007
0.052359878,4.450589593,0,2.936190958,-1.573473279,0.248044102
0.052359878,4.450589593,1.570796327,3.061651179,-1.606923343,0.632760797
0.06981317,4.450589593,0,2.820441026,-1.44311171,0.215350318
0.06981317,4.450589593,1.570796327,3.031026821,-1.732576965,0.617108172
0.087266463,4.450589593,0,2.762987937,-1.442010534,0.229782936
0.087266463,4.450589593,1.570796327,2.996957052,-1.807738391,0.598216279
0.104719755,4.450589593,0,2.785863699,-1.515612806,0.290443859
0.104719755,4.450589593,1.570796327,2.959186818,-1.860331557,0.577063407
0.122173048,4.450589593,0,2.821682401,-1.611263436,0.374700961
0.122173048,4.450589593,1.570796327,2.916642896,-1.902226568,0.553484877
0.13962634,4.450589593,0,2.84150107,-1.694730116,0.458238965
0.13962634,4.450589593,1.570796327,2.86736483,-1.938384031,0.526565328
0.157079633,4.450589593,0,2.846526368,-1.755941226,0.528489814
0.157079633,4.450589593,1.570796327,2.808219566,-1.970741671,0.495574373
0.174532925,4.450589593,0,2.841968141,-1.797556399,0.582847374
0.174532925,4.450589593,1.570796327,2.734703644,-2.000263845,0.46043124
0.191986218,4.450589593,0,2.83129273,-1.824992435,0.623045381
0.191986218,4.450589593,1.570796327,2.640234197,-2.027347993,0.421983283
0.20943951,4.450589593,0,2.816424192,-1.842856903,0.651732805
0.20943951,4.450589593,1.570796327,2.515933748,-2.052096679,0.382431083
0.226892803,4.450589593,0,2.798362151,-1.854349622,0.671263157
0.226892803,4.450589593,1.570796327,2.351705605,-2.074351299,0.345775205
0.244346095,4.450589593,0,2.777607894,-1.861556282,0.683402668
0.244346095,4.450589593,1.570796327,2.142604181,-2.093759482,0.318024545
0.261799388,4.450589593,0,2.754328991,-1.865795624,0.689457112
0.261799388,4.450589593,1.570796327,1.901292578,-2.10973818,0.305529097
0,4.71238898,0,3.048623437,3.141592654,0.377851763
0,4.71238898,1.570796327,3.103254337,0,0.651648847
0.017453293,4.71238898,0,3.039247881,-2.68046264,0.384250652
0.017453293,4.71238898,1.570796327,3.094846655,-0.61290608,0.649759795
0.034906585,4.71238898,0,3.0181139,-2.362311753,0.403562653
0.034906585,4.71238898,1.570796327,3.07542277,-0.960364657,0.644129631
0.052359878,4.71238898,0,2.995775121,-2.167840869,0.435936398
0.052359878,4.71238898,1.570796327,3.051040865,-1.144757086,0.634770663
0.06981317,4.71238898,0,2.977671935,-2.044475519,0.480815303
0.06981317,4.71238898,1.570796327,3.023611754,-1.254338786,0.621772361
0.087266463,4.71238898,0,2.964811585,-1.95991279,0.536176374
0.087266463,4.71238898,1.570796327,2.99339712,-1.326786477,0.605284448
0.104719755,4.71238898,0,2.955783136,-1.897398503,0.598023771
0.104719755,4.71238898,1.570796327,2.960026152,-1.37878029,0.585494335
0.122173048,4.71238898,0,2.948481636,-1.848374835,0.661006834
0.122173048,4.71238898,1.570796327,2.922794977,-1.418577847,0.562582457
0.13962634,4.71238898,0,2.941071015,-1.80848332,0.719751803
0.13962634,4.71238898,1.570796327,2.880569948,-1.450831197,0.536699874
0.157079633,4.71238898,0,2.932422559,-1.775437906,0.770330446
0.157079633,4.71238898,1.570796327,2.831675244,-1.478341523,0.507907334
0.174532925,4.71238898,0,2.921999463,-1.747877401,0.810861919
0.174532925,4.71238898,1.570796327,2.773685804,-1.502888501,0.476292433
0.191986218,4.71238898,0,2.909699879,-1.724847085,0.841309205
0.191986218,4.71238898,1.570796327,2.703036378,-1.525645245,0.442197024
0.20943951,4.71238898,0,2.895595342,-1.7055039,0.86276355
0.20943951,4.71238898,1.570796327,2.614732896,-1.547377856,0.406378919
0.226892803,4.71238898,0,2.879855407,-1.689150392,0.876750448
0.226892803,4.71238898,1.570796327,2.502145589,-1.568593236,0.370389366
0.244346095,4.71238898,0,2.862650531,-1.675157846,0.884820755
0.244346095,4.71238898,1.570796327,2.357722342,-1.589636256,0.336832267
0.261799388,4.71238898,0,2.84411761,-1.663008517,0.888262843
0.261799388,4.71238898,1.570796327,2.176050956,-1.610763238,0.309540993
0,4.974188368,0,3.048623437,3.141592654,0.377851763
0,4.974188368,1.570796327,3.103254337,0,0.651648847
0.017453293,4.974188368,0,3.011393763,-2.791585342,0.378977632
0.017453293,4.974188368,1.570796327,3.083788381,-0.467470083,0.648042362
0.034906585,4.974188368,0,2.955704293,-2.60914689,0.359594939
0.034906585,4.974188368,1.570796327,3.057892185,-0.682525297,0.63929808
0.052359878,4.974188368,0,2.887625952,-2.493562402,0.333590439
0.052359878,4.974188368,1.570796327,3.028735289,-0.799943177,0.625096637
0.06981317,4.974188368,0,2.832524439,-2.385951078,0.323246246
0.06981317,4.974188368,1.570796327,2.996481673,-0.874984688,0.605493822
0.087266463,4.974188368,0,2.824349875,-2.251214064,0.347384801
0.087266463,4.974188368,1.570796327,2.960420537,-0.927656127,0.581273604
0.104719755,4.974188368,0,2.851649517,-2.08447743,0.405662289
0.104719755,4.974188368,1.570796327,2.919441215,-0.966265212,0.553399412
0.122173048,4.974188368,0,2.878025924,-1.91244114,0.479653939
0.122173048,4.974188368,1.570796327,2.87183163,-0.995659693,0.521987895
0.13962634,4.974188368,0,2.889937496,-1.765894817,0.550303684
0.13962634,4.974188368,1.570796327,2.814645994,-1.019529693,0.486406229
0.157079633,4.974188368,0,2.889791172,-1.655762724,0.608498918
0.157079633,4.974188368,1.570796327,2.742939848,-1.04059911,0.446036012
0.174532925,4.974188368,0,2.88197065,-1.577203803,0.652993723
0.174532925,4.974188368,1.570796327,2.648535475,-1.060817254,0.401071666
0.191986218,4.974188368,0,2.869360194,-1.521399701,0.685671194
0.191986218,4.974188368,1.570796327,2.518029408,-1.081650427,0.353201488
0.20943951,4.974188368,0,2.853554464,-1.48092094,0.708915167
0.20943951,4.974188368,1.570796327,2.3308528,-1.104215443,0.306693089
0.226892803,4.974188368,0,2.835308146,-1.450634951,0.724718062
0.226892803,4.974188368,1.570796327,2.064146457,-1.12952392,0.270070999
0.244346095,4.974188368,0,2.814979552,-1.427219005,0.734531433
0.244346095,4.974188368,1.570796327,1.722541984,-1.158408538,0.255709101
0.261799388,4.974188368,0,2.792697177,-1.408613465,0.739387444
0.261799388,4.974188368,1.570796327,1.375816065,-1.191581492,0.271859454
0,5.235987756,0,3.048623437,3.141592654,0.377851763
0,5.235987756,1.570796327,3.103254337,0,0.651648847
0.017453293,5.235987756,0,2.971388837,-2.881106523,0.346730159
0.017453293,5.235987756,1.570796327,3.073219618,-0.350191314,0.645377942
0.034906585,5.235987756,0,2.900602246,-2.722413171,0.311336993
0.034906585,5.235987756,1.570796327,3.038504907,-0.484556153,0.630668115
0.052359878,5.235987756,0,3.013449199,-2.30419602,0.477575712
0.052359878,5.235987756,1.570796327,2.999556283,-0.553667319,0.608517908
0.06981317,5.235987756,0,3.050608393,-1.682254735,0.669007156
0.06981317,5.235987756,1.570796327,2.95453968,-0.594668725,0.578796207
0.087266463,5.235987756,0,3.041508216,-1.372373631,0.770103806
0.087266463,5.235987756,1.570796327,2.900053716,-0.622379509,0.539604161
0.104719755,5.235987756,0,3.024926576,-1.249825713,0.818554345
0.104719755,5.235987756,1.570796327,2.829905321,-0.643200334,0.490041431
0.122173048,5.235987756,0,3.006660328,-1.19172305,0.842820873
0.122173048,5.235987756,1.570796327,2.732681564,-0.660663795,0.430263351
0.13962634,5.235987756,0,2.987567589,-1.158286367,0.855082837
0.13962634,5.235987756,1.570796327,2.585947091,-0.676994165,0.36265828
0.157079633,5.235987756,0,2.967775984,-1.135839655,0.860496061
0.157079633,5.235987756,1.570796327,2.346572621,-0.694069693,0.295085985
0.174532925,5.235987756,0,2.947218751,-1.118912818,0.861278921
0.174532925,5.235987756,1.570796327,1.956701514,-0.713322519,0.247052382
0.191986218,5.235987756,0,2.925726944,-1.105100786,0.858433089
0.191986218,5.235987756,1.570796327,1.464360592,-0.735346382,0.247178685
0.20943951,5.235987756,0,2.902979292,-1.093129129,0.852452846
0.20943951,5.235987756,1.570796327,1.087370619,-0.758001824,0.295042085
0.226892803,5.235987756,0,2.881984263,-1.093990561,0.830706493
0.226892803,5.235987756,1.570796327,0.899708733,-0.773773616,0.333221783
0.244346095,5.235987756,0,2.857091329,-1.087067719,0.814928717
0.244346095,5.235987756,1.570796327,0.60119202,-0.877340332,0.40249219
0.261799388,5.235987756,0,2.837019278,-1.089550055,0.79488458
0.261799388,5.235987756,1.570796327,0.551422692,-0.927194702,0.455751466
0,5.497787144,0,3.048623437,3.141592654,0.377851763
0,5.497787144,1.570796327,3.103254337,0,0.651648847
0.017453293,5.497787144,0,2.930682554,-2.952564051,0.313946813
0.017453293,5.497787144,1.570796327,3.063911291,-0.250428625,0.642276902
0.034906585,5.497787144,0,3.029506026,-2.634469309,0.454451745
0.034906585,5.497787144,1.570796327,3.019630896,-0.333364244,0.620196897
0.052359878,5.497787144,0,3.090006895,-1.517366148,0.718595912
0.052359878,5.497787144,1.570796327,2.967565865,-0.373806801,0.585249897
0.06981317,5.497787144,0,3.073099614,-1.076717007,0.817797515
0.06981317,5.497787144,1.570796327,2.901645666,-0.397620748,0.535573884
0.087266463,5.497787144,0,3.05356239,-0.960366148,0.853745842
0.087266463,5.497787144,1.570796327,2.810281735,-0.413440756,0.4708673
0.104719755,5.497787144,0,3.034004591,-0.911375381,0.868018898
0.104719755,5.497787144,1.570796327,2.670699048,-0.424884777,0.394417081
0.122173048,5.497787144,0,3.014074397,-0.883354867,0.87257482
0.122173048,5.497787144,1.570796327,2.44624587,-0.432862444,0.319861811
0.13962634,5.497787144,0,2.995314151,-0.878360963,0.85633535
0.13962634,5.497787144,1.570796327,2.208062575,-0.431765727,0.272588014
0.157079633,5.497787144,0,2.977664385,-0.881539797,0.832693233
0.157079633,5.497787144,1.570796327,1.301692668,-0.478007955,0.21386596
0.174532925,5.497787144,0,2.956189125,-0.865196826,0.830065714
0.174532925,5.497787144,1.570796327,0.755347433,-0.528462434,0.273874795
0.191986218,5.497787144,0,2.936385914,-0.859774522,0.817706398
0.191986218,5.497787144,1.570796327,0.511601892,-0.596890991,0.376048765
0.20943951,5.497787144,0,2.916145689,-0.851893784,0.812141826
0.20943951,5.497787144,1.570796327,0.44363889,-0.659600446,0.424891292
0.226892803,5.497787144,0,2.895109048,-0.844589,0.805876489
0.226892803,5.497787144,1.570796327,0.42853922,-0.735756441,0.429343971
0.244346095,5.497787144,0,2.874909044,-0.839865246,0.799429696
0.244346095,5.497787144,1.570796327,0.465150434,-0.805063272,0.403242907
0.261799388,5.497787144,0,2.855539301,-0.836105825,0.795015484
0.261799388,5.497787144,1.570796327,0.556278396,-0.853172942,0.357313557
0,5.759586532,0,3.048623437,3.141592654,0.377851763
0,5.759586532,1.570796327,3.103254337,0,0.651648847
0.017453293,5.759586532,0,2.914131714,-3.013083911,0.302152821
0.017453293,5.759586532,1.570796327,3.056599206,-0.161623134,0.639388043
0.034906585,5.759586532,0,3.098365881,-2.409492126,0.604184388
0.034906585,5.759586532,1.570796327,3.00367403,-0.209898331,0.609618761
0.052359878,5.759586532,0,3.100163244,-0.90899376,0.800306723
0.052359878,5.759586532,1.570796327,2.937781531,-0.232694531,0.560909532
0.06981317,5.759586532,0,3.07805869,-0.696746898,0.854383808
0.06981317,5.759586532,1.570796327,2.845934527,-0.245583841,0.492415623
0.087266463,5.759586532,0,3.057817476,-0.637606729,0.871817541
0.087266463,5.759586532,1.570796327,2.702584519,-0.253267076,0.409081708
0.104719755,5.759586532,0,3.037312697,-0.607660248,0.875676878
0.104719755,5.759586532,1.570796327,2.492282047,-0.254661967,0.340928713
0.122173048,5.759586532,0,3.022826,-0.622142515,0.838557193
0.122173048,5.759586532,1.570796327,1.863715124,-0.276062249,0.202311412
0.13962634,5.759586532,0,3.002721897,-0.606405228,0.835675092
0.13962634,5.759586532,1.570796327,0.921226102,-0.310509932,0.218750543
0.157079633,5.759586532,0,2.9847651,-0.600678084,0.827424364
0.157079633,5.759586532,1.570796327,0.549204329,-0.348071606,0.331828679
0.174532925,5.759586532,0,2.964934429,-0.591563643,0.822541648
0.174532925,5.759586532,1.570796327,0.414446041,-0.404247735,0.3999718
0.191986218,5.759586532,0,2.94579814,-0.585695732,0.816368009
0.191986218,5.759586532,1.570796327,0.375853345,-0.470562196,0.423233963
0.20943951,5.759586532,0,2.926835452,-0.580313724,0.81263778
0.20943951,5.759586532,1.570796327,0.40587593,-0.525057133,0.397700409
0.226892803,5.759586532,0,2.907820254,-0.5755989,0.808912878
0.226892803,5.759586532,1.570796327,0.490453975,-0.567134499,0.344715351
0.244346095,5.759586532,0,2.88926659,-0.571896558,0.804980244
0.244346095,5.759586532,1.570796327,0.640883896,-0.594025713,0.28749915
0.261799388,5.759586532,0,2.871259168,-0.568864634,0.801571563
0.261799388,5.759586532,1.570796327,0.868092287,-0.606492608,0.24218474
0,6.021385919,0,3.048623437,3.141592654,0.377851763
0,6.021385919,1.570796327,3.103254337,0,0.651648847
0.017453293,6.021385919,0,2.920677877,-3.074418926,0.307298141
0.017453293,6.021385919,1.570796327,3.051918592,-0.079301507,0.637340851
0.034906585,6.021385919,0,3.125045095,-2.202647512,0.676472614
0.034906585,6.021385919,1.570796327,2.992912766,-0.101600934,0.601748799
0.052359878,6.021385919,0,3.103194715,-0.43978062,0.827910261
0.052359878,6.021385919,1.570796327,2.916100887,-0.111878588,0.543098945
0.06981317,6.021385919,0,3.080523251,-0.34771206,0.865874125
0.06981317,6.021385919,1.570796327,2.801508061,-0.117411393,0.462371666
0.087266463,6.021385919,0,3.06002252,-0.319934871,0.876383976
0.087266463,6.021385919,1.570796327,2.616201545,-0.11978662,0.376337441
0.104719755,6.021385919,0,3.043647756,-0.320163527,0.845622874
0.104719755,6.021385919,1.570796327,2.143183243,-0.129000836,0.216859884
0.122173048,6.021385919,0,3.025996392,-0.314371157,0.839311406
0.122173048,6.021385919,1.570796327,1.145057017,-0.142495867,0.187486891
0.13962634,6.021385919,0,3.008757117,-0.31061109,0.831434669
0.13962634,6.021385919,1.570796327,0.589838883,-0.160842819,0.303671235
0.157079633,6.021385919,0,2.989594552,-0.304864767,0.826620511
0.157079633,6.021385919,1.570796327,0.404757472,-0.191617038,0.389121851
0.174532925,6.021385919,0,2.971305064,-0.301111029,0.821979047
0.174532925,6.021385919,1.570796327,0.35526761,-0.227091578,0.420317376
0.191986218,6.021385919,0,2.952702968,-0.297461827,0.818895429
0.191986218,6.021385919,1.570796327,0.378405476,-0.259064104,0.391614832
0.20943951,6.021385919,0,2.934245046,-0.294579968,0.814884507
0.20943951,6.021385919,1.570796327,0.460482068,-0.284453439,0.333933002
0.226892803,6.021385919,0,2.916279447,-0.292291815,0.81122436
0.226892803,6.021385919,1.570796327,0.61787303,-0.298664773,0.273201566
0.244346095,6.021385919,0,2.898621316,-0.290289033,0.807992856
0.244346095,6.021385919,1.570796327,0.861018242,-0.303833867,0.226910905
0.261799388,6.021385919,0,2.881248499,-0.288589098,0.804479807
0.261799388,6.021385919,1.570796327,1.161676732,-0.303559447,0.205305791
0,6.283185307,0,3.048623437,3.141592654,0.377851763
0,6.283185307,1.570796327,3.103254337,0,0.651648847
0.017453293,6.283185307,0,2.926460517,3.141592654,0.311828203
0.017453293,6.283185307,1.570796327,3.050303729,0,0.636590726
0.034906585,6.283185307,0,3.137501069,3.141592654,0.696675832
0.034906585,6.283185307,1.570796327,2.989096055,0,0.598849705
0.052359878,6.283185307,0,3.104084633,0,0.834897219
0.052359878,6.283185307,1.570796327,2.90808514,0,0.536623548
0.06981317,6.283185307,0,3.081328721,0,0.868656891
0.06981317,6.283185307,1.570796327,2.78435777,0,0.451920981
0.087266463,6.283185307,0,3.060625351,0,0.877163642
0.087266463,6.283185307,1.570796327,2.588544461,0,0.370066862
0.104719755,6.283185307,0,3.047366558,0,0.841000675
0.104719755,6.283185307,1.570796327,2.058506553,0,0.212823478
0.122173048,6.283185307,0,3.028036516,0,0.83582318
0.122173048,6.283185307,1.570796327,0.920873245,0,0.211774367
0.13962634,6.283185307,0,3.010287785,0,0.831679182
0.13962634,6.283185307,1.570796327,0.525636956,0,0.325431827
0.157079633,6.283185307,0,2.991673145,0,0.826065896
0.157079633,6.283185307,1.570796327,0.374946868,0,0.403824894
0.174532925,6.283185307,0,2.973540963,0,0.822841771
0.174532925,6.283185307,1.570796327,0.349836349,0,0.415411997
0.191986218,6.283185307,0,2.955070003,0,0.819443222
0.191986218,6.283185307,1.570796327,0.387837267,0,0.373122098
0.20943951,6.283185307,0,2.936982559,0,0.815511337
0.20943951,6.283185307,1.570796327,0.491570976,0,0.310585698
0.226892803,6.283185307,0,2.919272485,0,0.812178947
0.226892803,6.283185307,1.570796327,0.6793353,0,0.251545486
0.244346095,6.283185307,0,2.901810844,0,0.80878962
0.244346095,6.283185307,1.570796327,0.953373146,0,0.212234162
0.261799388,6.283185307,0,2.884702725,0,0.804923698
0.261799388,6.283185307,1.570796327,1.262842722,0,0.200030254
0,0,0,3.048623437,3.141592654,0.377851763
0,0,1.570796327,3.103254337,0,0.651648847
-0.017453293,0,0,3.092095279,2.19254E-16,0.197141448
-0.017453293,0,1.570796327,3.128177445,3.141592654,0.645518085
-0.034906585,0,0,3.089940411,3.141592654,0.630320646
-0.034906585,0,1.570796327,3.071508446,3.141592654,0.61854847
-0.052359878,0,0,3.05740658,3.141592654,0.804669782
-0.052359878,0,1.570796327,3.00234259,3.141592654,0.57060323
-0.06981317,0,0,3.034785132,3.141592654,0.850104322
-0.06981317,0,1.570796327,2.90973738,3.141592654,0.503996048
-0.087266463,0,0,3.011895613,3.141592654,0.862806607
-0.087266463,0,1.570796327,2.791205303,3.141592654,0.437130104
-0.104719755,0,0,2.991552572,3.141592654,0.814703118
-0.104719755,0,1.570796327,2.470352312,3.141592654,0.293556934
-0.122173048,0,0,2.972159255,3.141592654,0.809197327
-0.122173048,0,1.570796327,1.789872087,3.141592654,0.214629928
-0.13962634,0,0,2.955043807,3.141592654,0.805149204
-0.13962634,0,1.570796327,1.295999326,3.141592654,0.235100915
-0.157079633,0,0,2.936736945,3.141592654,0.798915036
-0.157079633,0,1.570796327,1.063661494,3.141592654,0.267360032
-0.174532925,0,0,2.919328905,3.141592654,0.795959871
-0.174532925,0,1.570796327,1.057563552,3.141592654,0.268067315
-0.191986218,0,0,2.901357408,3.141592654,0.793044632
-0.191986218,0,1.570796327,1.192148068,3.141592654,0.246845239
-0.20943951,0,0,2.883802689,3.141592654,0.789270844
-0.20943951,0,1.570796327,1.430394839,3.141592654,0.227417816
-0.226892803,0,0,2.866697562,3.141592654,0.786344336
-0.226892803,0,1.570796327,1.71181961,3.141592654,0.224650173
-0.244346095,0,0,2.849767866,3.141592654,0.783454063
-0.244346095,0,1.570796327,1.955839004,3.141592654,0.239063667
-0.261799388,0,0,2.833112266,3.141592654,0.779978052
-0.261799388,0,1.570796327,2.130998088,3.141592654,0.262610572
